[   12310ms] [INFO] %cDownload the React DevTools for a better development experience: https://react.dev/link/react-devtools font-weight:bold @ http://localhost:3000/_next/static/chunks/node_modules_next_dist_compiled_react-dom_1e674e59._.js:14537
[   12778ms] [LOG] [Fast Refresh] rebuilding @ http://localhost:3000/_next/static/chunks/node_modules_next_dist_client_cf1d9188._.js:5949
[   12830ms] [LOG] [Fast Refresh] done in 156ms @ http://localhost:3000/_next/static/chunks/node_modules_next_dist_client_cf1d9188._.js:5809
[   12936ms] [LOG] [Fast Refresh] rebuilding @ http://localhost:3000/_next/static/chunks/node_modules_next_dist_client_cf1d9188._.js:5949
[   13507ms] [LOG] [Fast Refresh] done in 676ms @ http://localhost:3000/_next/static/chunks/node_modules_next_dist_client_cf1d9188._.js:5809
[   30534ms] [LOG] [Fast Refresh] rebuilding @ http://localhost:3000/_next/static/chunks/node_modules_next_dist_client_cf1d9188._.js:5949
[   30552ms] [LOG] [Fast Refresh] done in 127ms @ http://localhost:3000/_next/static/chunks/node_modules_next_dist_client_cf1d9188._.js:5809
[   40138ms] [LOG] [Fast Refresh] rebuilding @ http://localhost:3000/_next/static/chunks/node_modules_next_dist_client_cf1d9188._.js:5949
[   40139ms] [LOG] [Fast Refresh] done in 111ms @ http://localhost:3000/_next/static/chunks/node_modules_next_dist_client_cf1d9188._.js:5809
[   44217ms] [LOG] [Fast Refresh] rebuilding @ http://localhost:3000/_next/static/chunks/node_modules_next_dist_client_cf1d9188._.js:5949
[   44217ms] [LOG] [Fast Refresh] done in 101ms @ http://localhost:3000/_next/static/chunks/node_modules_next_dist_client_cf1d9188._.js:5809
[   44490ms] [LOG] [Fast Refresh] rebuilding @ http://localhost:3000/_next/static/chunks/node_modules_next_dist_client_cf1d9188._.js:5949
[   45058ms] [LOG] [Fast Refresh] done in 677ms @ http://localhost:3000/_next/static/chunks/node_modules_next_dist_client_cf1d9188._.js:5809
[   50025ms] [LOG] [Fast Refresh] rebuilding @ http://localhost:3000/_next/static/chunks/node_modules_next_dist_client_cf1d9188._.js:5949
[   50025ms] [LOG] [Fast Refresh] done in 111ms @ http://localhost:3000/_next/static/chunks/node_modules_next_dist_client_cf1d9188._.js:5809
[   63191ms] [LOG] [Fast Refresh] rebuilding @ http://localhost:3000/_next/static/chunks/node_modules_next_dist_client_cf1d9188._.js:5949
[   63192ms] [LOG] [Fast Refresh] done in 117ms @ http://localhost:3000/_next/static/chunks/node_modules_next_dist_client_cf1d9188._.js:5809
[   86248ms] [LOG] [Fast Refresh] rebuilding @ http://localhost:3000/_next/static/chunks/node_modules_next_dist_client_cf1d9188._.js:5949
[   86306ms] [LOG] [Fast Refresh] done in 132ms @ http://localhost:3000/_next/static/chunks/node_modules_next_dist_client_cf1d9188._.js:5809
[   89262ms] [LOG] [Fast Refresh] rebuilding @ http://localhost:3000/_next/static/chunks/node_modules_next_dist_client_cf1d9188._.js:5949
[   89263ms] [LOG] [Fast Refresh] done in 111ms @ http://localhost:3000/_next/static/chunks/node_modules_next_dist_client_cf1d9188._.js:5809
[  102354ms] [LOG] [Fast Refresh] rebuilding @ http://localhost:3000/_next/static/chunks/node_modules_next_dist_client_cf1d9188._.js:5949
[  102355ms] [LOG] [Fast Refresh] done in 109ms @ http://localhost:3000/_next/static/chunks/node_modules_next_dist_client_cf1d9188._.js:5809
[  107294ms] [LOG] [Fast Refresh] rebuilding @ http://localhost:3000/_next/static/chunks/node_modules_next_dist_client_cf1d9188._.js:5949
[  107294ms] [LOG] [Fast Refresh] done in 110ms @ http://localhost:3000/_next/static/chunks/node_modules_next_dist_client_cf1d9188._.js:5809
[  225991ms] [LOG] [Fast Refresh] rebuilding @ http://localhost:3000/_next/static/chunks/node_modules_next_dist_client_cf1d9188._.js:5949
[  226074ms] [LOG] [Fast Refresh] done in 158ms @ http://localhost:3000/_next/static/chunks/node_modules_next_dist_client_cf1d9188._.js:5809
[  226281ms] [LOG] [Fast Refresh] rebuilding @ http://localhost:3000/_next/static/chunks/node_modules_next_dist_client_cf1d9188._.js:5949
[  226954ms] [LOG] [Fast Refresh] done in 780ms @ http://localhost:3000/_next/static/chunks/node_modules_next_dist_client_cf1d9188._.js:5809
[  232230ms] [LOG] [Fast Refresh] rebuilding @ http://localhost:3000/_next/static/chunks/node_modules_next_dist_client_cf1d9188._.js:5949
[  232309ms] [ERROR] ./src/components/chat/MessageList.tsx:87:34
Parsing ecmascript source code failed
  85 |                           case "step-start":
  86 |                             return partIndex > 0 ? <hr key={partIndex} className="my-3 border-neutral-200" /> : null;
> 87 |                           default:
     |                                  ^
  88 |                             return null;
  89 |                         }
  90 |                       })}

Expected '</', got ':'

Import traces:
  Client Component Browser:
    ./src/components/chat/MessageList.tsx [Client Component Browser]
    ./src/components/chat/ChatInterface.tsx [Client Component Browser]
    ./src/app/main-content.tsx [Client Component Browser]
    ./src/app/main-content.tsx [Server Component]
    ./src/app/page.tsx [Server Component]

  Client Component SSR:
    ./src/components/chat/MessageList.tsx [Client Component SSR]
    ./src/components/chat/ChatInterface.tsx [Client Component SSR]
    ./src/app/main-content.tsx [Client Component SSR]
    ./src/app/main-content.tsx [Server Component]
    ./src/app/page.tsx [Server Component] @ http://localhost:3000/_next/static/chunks/node_modules_next_dist_b0daae9a._.js:2359
[  232322ms] [LOG] {file: Object} @ http://localhost:3000/_next/static/chunks/node_modules_next_dist_compiled_next-devtools_index_a9cb0712.js:16058
[  232372ms] [ERROR] ./src/components/chat/MessageList.tsx:87:34
Parsing ecmascript source code failed
  85 |                           case "step-start":
  86 |                             return partIndex > 0 ? <hr key={partIndex} className="my-3 border-neutral-200" /> : null;
> 87 |                           default:
     |                                  ^
  88 |                             return null;
  89 |                         }
  90 |                       })}

Expected '</', got ':'

Import traces:
  Client Component Browser:
    ./src/components/chat/MessageList.tsx [Client Component Browser]
    ./src/components/chat/ChatInterface.tsx [Client Component Browser]
    ./src/app/main-content.tsx [Client Component Browser]
    ./src/app/main-content.tsx [Server Component]
    ./src/app/page.tsx [Server Component]

  Client Component SSR:
    ./src/components/chat/MessageList.tsx [Client Component SSR]
    ./src/components/chat/ChatInterface.tsx [Client Component SSR]
    ./src/app/main-content.tsx [Client Component SSR]
    ./src/app/main-content.tsx [Server Component]
    ./src/app/page.tsx [Server Component] @ http://localhost:3000/_next/static/chunks/node_modules_next_dist_b0daae9a._.js:2359
[  232421ms] [ERROR] ./src/components/chat/MessageList.tsx:87:34
Parsing ecmascript source code failed
  85 |                           case "step-start":
  86 |                             return partIndex > 0 ? <hr key={partIndex} className="my-3 border-neutral-200" /> : null;
> 87 |                           default:
     |                                  ^
  88 |                             return null;
  89 |                         }
  90 |                       })}

Expected '</', got ':'

Import traces:
  Client Component Browser:
    ./src/components/chat/MessageList.tsx [Client Component Browser]
    ./src/components/chat/ChatInterface.tsx [Client Component Browser]
    ./src/app/main-content.tsx [Client Component Browser]
    ./src/app/main-content.tsx [Server Component]
    ./src/app/page.tsx [Server Component]

  Client Component SSR:
    ./src/components/chat/MessageList.tsx [Client Component SSR]
    ./src/components/chat/ChatInterface.tsx [Client Component SSR]
    ./src/app/main-content.tsx [Client Component SSR]
    ./src/app/main-content.tsx [Server Component]
    ./src/app/page.tsx [Server Component] @ http://localhost:3000/_next/static/chunks/node_modules_next_dist_b0daae9a._.js:2359
[  232484ms] [ERROR] ./src/components/chat/MessageList.tsx:87:34
Parsing ecmascript source code failed
  85 |                           case "step-start":
  86 |                             return partIndex > 0 ? <hr key={partIndex} className="my-3 border-neutral-200" /> : null;
> 87 |                           default:
     |                                  ^
  88 |                             return null;
  89 |                         }
  90 |                       })}

Expected '</', got ':'

Import traces:
  Client Component Browser:
    ./src/components/chat/MessageList.tsx [Client Component Browser]
    ./src/components/chat/ChatInterface.tsx [Client Component Browser]
    ./src/app/main-content.tsx [Client Component Browser]
    ./src/app/main-content.tsx [Server Component]
    ./src/app/page.tsx [Server Component]

  Client Component SSR:
    ./src/components/chat/MessageList.tsx [Client Component SSR]
    ./src/components/chat/ChatInterface.tsx [Client Component SSR]
    ./src/app/main-content.tsx [Client Component SSR]
    ./src/app/main-content.tsx [Server Component]
    ./src/app/page.tsx [Server Component] @ http://localhost:3000/_next/static/chunks/node_modules_next_dist_b0daae9a._.js:2359
[  232547ms] [ERROR] ./src/components/chat/MessageList.tsx:87:34
Parsing ecmascript source code failed
  85 |                           case "step-start":
  86 |                             return partIndex > 0 ? <hr key={partIndex} className="my-3 border-neutral-200" /> : null;
> 87 |                           default:
     |                                  ^
  88 |                             return null;
  89 |                         }
  90 |                       })}

Expected '</', got ':'

Import traces:
  Client Component Browser:
    ./src/components/chat/MessageList.tsx [Client Component Browser]
    ./src/components/chat/ChatInterface.tsx [Client Component Browser]
    ./src/app/main-content.tsx [Client Component Browser]
    ./src/app/main-content.tsx [Server Component]
    ./src/app/page.tsx [Server Component]

  Client Component SSR:
    ./src/components/chat/MessageList.tsx [Client Component SSR]
    ./src/components/chat/ChatInterface.tsx [Client Component SSR]
    ./src/app/main-content.tsx [Client Component SSR]
    ./src/app/main-content.tsx [Server Component]
    ./src/app/page.tsx [Server Component] @ http://localhost:3000/_next/static/chunks/node_modules_next_dist_b0daae9a._.js:2359
[  232611ms] [ERROR] ./src/components/chat/MessageList.tsx:87:34
Parsing ecmascript source code failed
  85 |                           case "step-start":
  86 |                             return partIndex > 0 ? <hr key={partIndex} className="my-3 border-neutral-200" /> : null;
> 87 |                           default:
     |                                  ^
  88 |                             return null;
  89 |                         }
  90 |                       })}

Expected '</', got ':'

Import traces:
  Client Component Browser:
    ./src/components/chat/MessageList.tsx [Client Component Browser]
    ./src/components/chat/ChatInterface.tsx [Client Component Browser]
    ./src/app/main-content.tsx [Client Component Browser]
    ./src/app/main-content.tsx [Server Component]
    ./src/app/page.tsx [Server Component]

  Client Component SSR:
    ./src/components/chat/MessageList.tsx [Client Component SSR]
    ./src/components/chat/ChatInterface.tsx [Client Component SSR]
    ./src/app/main-content.tsx [Client Component SSR]
    ./src/app/main-content.tsx [Server Component]
    ./src/app/page.tsx [Server Component] @ http://localhost:3000/_next/static/chunks/node_modules_next_dist_b0daae9a._.js:2359
[  232665ms] [ERROR] ./src/components/chat/MessageList.tsx:87:34
Parsing ecmascript source code failed
  85 |                           case "step-start":
  86 |                             return partIndex > 0 ? <hr key={partIndex} className="my-3 border-neutral-200" /> : null;
> 87 |                           default:
     |                                  ^
  88 |                             return null;
  89 |                         }
  90 |                       })}

Expected '</', got ':'

Import traces:
  Client Component Browser:
    ./src/components/chat/MessageList.tsx [Client Component Browser]
    ./src/components/chat/ChatInterface.tsx [Client Component Browser]
    ./src/app/main-content.tsx [Client Component Browser]
    ./src/app/main-content.tsx [Server Component]
    ./src/app/page.tsx [Server Component]

  Client Component SSR:
    ./src/components/chat/MessageList.tsx [Client Component SSR]
    ./src/components/chat/ChatInterface.tsx [Client Component SSR]
    ./src/app/main-content.tsx [Client Component SSR]
    ./src/app/main-content.tsx [Server Component]
    ./src/app/page.tsx [Server Component] @ http://localhost:3000/_next/static/chunks/node_modules_next_dist_b0daae9a._.js:2359
[  232737ms] [ERROR] ./src/components/chat/MessageList.tsx:87:34
Parsing ecmascript source code failed
  85 |                           case "step-start":
  86 |                             return partIndex > 0 ? <hr key={partIndex} className="my-3 border-neutral-200" /> : null;
> 87 |                           default:
     |                                  ^
  88 |                             return null;
  89 |                         }
  90 |                       })}

Expected '</', got ':'

Import traces:
  Client Component Browser:
    ./src/components/chat/MessageList.tsx [Client Component Browser]
    ./src/components/chat/ChatInterface.tsx [Client Component Browser]
    ./src/app/main-content.tsx [Client Component Browser]
    ./src/app/main-content.tsx [Server Component]
    ./src/app/page.tsx [Server Component]

  Client Component SSR:
    ./src/components/chat/MessageList.tsx [Client Component SSR]
    ./src/components/chat/ChatInterface.tsx [Client Component SSR]
    ./src/app/main-content.tsx [Client Component SSR]
    ./src/app/main-content.tsx [Server Component]
    ./src/app/page.tsx [Server Component] @ http://localhost:3000/_next/static/chunks/node_modules_next_dist_b0daae9a._.js:2359
[  232784ms] [ERROR] ./src/components/chat/MessageList.tsx:87:34
Parsing ecmascript source code failed
  85 |                           case "step-start":
  86 |                             return partIndex > 0 ? <hr key={partIndex} className="my-3 border-neutral-200" /> : null;
> 87 |                           default:
     |                                  ^
  88 |                             return null;
  89 |                         }
  90 |                       })}

Expected '</', got ':'

Import traces:
  Client Component Browser:
    ./src/components/chat/MessageList.tsx [Client Component Browser]
    ./src/components/chat/ChatInterface.tsx [Client Component Browser]
    ./src/app/main-content.tsx [Client Component Browser]
    ./src/app/main-content.tsx [Server Component]
    ./src/app/page.tsx [Server Component]

  Client Component SSR:
    ./src/components/chat/MessageList.tsx [Client Component SSR]
    ./src/components/chat/ChatInterface.tsx [Client Component SSR]
    ./src/app/main-content.tsx [Client Component SSR]
    ./src/app/main-content.tsx [Server Component]
    ./src/app/page.tsx [Server Component] @ http://localhost:3000/_next/static/chunks/node_modules_next_dist_b0daae9a._.js:2359
[  232849ms] [ERROR] ./src/components/chat/MessageList.tsx:87:34
Parsing ecmascript source code failed
  85 |                           case "step-start":
  86 |                             return partIndex > 0 ? <hr key={partIndex} className="my-3 border-neutral-200" /> : null;
> 87 |                           default:
     |                                  ^
  88 |                             return null;
  89 |                         }
  90 |                       })}

Expected '</', got ':'

Import traces:
  Client Component Browser:
    ./src/components/chat/MessageList.tsx [Client Component Browser]
    ./src/components/chat/ChatInterface.tsx [Client Component Browser]
    ./src/app/main-content.tsx [Client Component Browser]
    ./src/app/main-content.tsx [Server Component]
    ./src/app/page.tsx [Server Component]

  Client Component SSR:
    ./src/components/chat/MessageList.tsx [Client Component SSR]
    ./src/components/chat/ChatInterface.tsx [Client Component SSR]
    ./src/app/main-content.tsx [Client Component SSR]
    ./src/app/main-content.tsx [Server Component]
    ./src/app/page.tsx [Server Component] @ http://localhost:3000/_next/static/chunks/node_modules_next_dist_b0daae9a._.js:2359
[  232912ms] [ERROR] ./src/components/chat/MessageList.tsx:87:34
Parsing ecmascript source code failed
  85 |                           case "step-start":
  86 |                             return partIndex > 0 ? <hr key={partIndex} className="my-3 border-neutral-200" /> : null;
> 87 |                           default:
     |                                  ^
  88 |                             return null;
  89 |                         }
  90 |                       })}

Expected '</', got ':'

Import traces:
  Client Component Browser:
    ./src/components/chat/MessageList.tsx [Client Component Browser]
    ./src/components/chat/ChatInterface.tsx [Client Component Browser]
    ./src/app/main-content.tsx [Client Component Browser]
    ./src/app/main-content.tsx [Server Component]
    ./src/app/page.tsx [Server Component]

  Client Component SSR:
    ./src/components/chat/MessageList.tsx [Client Component SSR]
    ./src/components/chat/ChatInterface.tsx [Client Component SSR]
    ./src/app/main-content.tsx [Client Component SSR]
    ./src/app/main-content.tsx [Server Component]
    ./src/app/page.tsx [Server Component] @ http://localhost:3000/_next/static/chunks/node_modules_next_dist_b0daae9a._.js:2359
[  232975ms] [ERROR] ./src/components/chat/MessageList.tsx:87:34
Parsing ecmascript source code failed
  85 |                           case "step-start":
  86 |                             return partIndex > 0 ? <hr key={partIndex} className="my-3 border-neutral-200" /> : null;
> 87 |                           default:
     |                                  ^
  88 |                             return null;
  89 |                         }
  90 |                       })}

Expected '</', got ':'

Import traces:
  Client Component Browser:
    ./src/components/chat/MessageList.tsx [Client Component Browser]
    ./src/components/chat/ChatInterface.tsx [Client Component Browser]
    ./src/app/main-content.tsx [Client Component Browser]
    ./src/app/main-content.tsx [Server Component]
    ./src/app/page.tsx [Server Component]

  Client Component SSR:
    ./src/components/chat/MessageList.tsx [Client Component SSR]
    ./src/components/chat/ChatInterface.tsx [Client Component SSR]
    ./src/app/main-content.tsx [Client Component SSR]
    ./src/app/main-content.tsx [Server Component]
    ./src/app/page.tsx [Server Component] @ http://localhost:3000/_next/static/chunks/node_modules_next_dist_b0daae9a._.js:2359
[  233041ms] [ERROR] ./src/components/chat/MessageList.tsx:87:34
Parsing ecmascript source code failed
  85 |                           case "step-start":
  86 |                             return partIndex > 0 ? <hr key={partIndex} className="my-3 border-neutral-200" /> : null;
> 87 |                           default:
     |                                  ^
  88 |                             return null;
  89 |                         }
  90 |                       })}

Expected '</', got ':'

Import traces:
  Client Component Browser:
    ./src/components/chat/MessageList.tsx [Client Component Browser]
    ./src/components/chat/ChatInterface.tsx [Client Component Browser]
    ./src/app/main-content.tsx [Client Component Browser]
    ./src/app/main-content.tsx [Server Component]
    ./src/app/page.tsx [Server Component]

  Client Component SSR:
    ./src/components/chat/MessageList.tsx [Client Component SSR]
    ./src/components/chat/ChatInterface.tsx [Client Component SSR]
    ./src/app/main-content.tsx [Client Component SSR]
    ./src/app/main-content.tsx [Server Component]
    ./src/app/page.tsx [Server Component] @ http://localhost:3000/_next/static/chunks/node_modules_next_dist_b0daae9a._.js:2359
[  233104ms] [ERROR] ./src/components/chat/MessageList.tsx:87:34
Parsing ecmascript source code failed
  85 |                           case "step-start":
  86 |                             return partIndex > 0 ? <hr key={partIndex} className="my-3 border-neutral-200" /> : null;
> 87 |                           default:
     |                                  ^
  88 |                             return null;
  89 |                         }
  90 |                       })}

Expected '</', got ':'

Import traces:
  Client Component Browser:
    ./src/components/chat/MessageList.tsx [Client Component Browser]
    ./src/components/chat/ChatInterface.tsx [Client Component Browser]
    ./src/app/main-content.tsx [Client Component Browser]
    ./src/app/main-content.tsx [Server Component]
    ./src/app/page.tsx [Server Component]

  Client Component SSR:
    ./src/components/chat/MessageList.tsx [Client Component SSR]
    ./src/components/chat/ChatInterface.tsx [Client Component SSR]
    ./src/app/main-content.tsx [Client Component SSR]
    ./src/app/main-content.tsx [Server Component]
    ./src/app/page.tsx [Server Component] @ http://localhost:3000/_next/static/chunks/node_modules_next_dist_b0daae9a._.js:2359
[  233169ms] [ERROR] ./src/components/chat/MessageList.tsx:87:34
Parsing ecmascript source code failed
  85 |                           case "step-start":
  86 |                             return partIndex > 0 ? <hr key={partIndex} className="my-3 border-neutral-200" /> : null;
> 87 |                           default:
     |                                  ^
  88 |                             return null;
  89 |                         }
  90 |                       })}

Expected '</', got ':'

Import traces:
  Client Component Browser:
    ./src/components/chat/MessageList.tsx [Client Component Browser]
    ./src/components/chat/ChatInterface.tsx [Client Component Browser]
    ./src/app/main-content.tsx [Client Component Browser]
    ./src/app/main-content.tsx [Server Component]
    ./src/app/page.tsx [Server Component]

  Client Component SSR:
    ./src/components/chat/MessageList.tsx [Client Component SSR]
    ./src/components/chat/ChatInterface.tsx [Client Component SSR]
    ./src/app/main-content.tsx [Client Component SSR]
    ./src/app/main-content.tsx [Server Component]
    ./src/app/page.tsx [Server Component] @ http://localhost:3000/_next/static/chunks/node_modules_next_dist_b0daae9a._.js:2359
[  233232ms] [ERROR] ./src/components/chat/MessageList.tsx:87:34
Parsing ecmascript source code failed
  85 |                           case "step-start":
  86 |                             return partIndex > 0 ? <hr key={partIndex} className="my-3 border-neutral-200" /> : null;
> 87 |                           default:
     |                                  ^
  88 |                             return null;
  89 |                         }
  90 |                       })}

Expected '</', got ':'

Import traces:
  Client Component Browser:
    ./src/components/chat/MessageList.tsx [Client Component Browser]
    ./src/components/chat/ChatInterface.tsx [Client Component Browser]
    ./src/app/main-content.tsx [Client Component Browser]
    ./src/app/main-content.tsx [Server Component]
    ./src/app/page.tsx [Server Component]

  Client Component SSR:
    ./src/components/chat/MessageList.tsx [Client Component SSR]
    ./src/components/chat/ChatInterface.tsx [Client Component SSR]
    ./src/app/main-content.tsx [Client Component SSR]
    ./src/app/main-content.tsx [Server Component]
    ./src/app/page.tsx [Server Component] @ http://localhost:3000/_next/static/chunks/node_modules_next_dist_b0daae9a._.js:2359
[  233296ms] [ERROR] ./src/components/chat/MessageList.tsx:87:34
Parsing ecmascript source code failed
  85 |                           case "step-start":
  86 |                             return partIndex > 0 ? <hr key={partIndex} className="my-3 border-neutral-200" /> : null;
> 87 |                           default:
     |                                  ^
  88 |                             return null;
  89 |                         }
  90 |                       })}

Expected '</', got ':'

Import traces:
  Client Component Browser:
    ./src/components/chat/MessageList.tsx [Client Component Browser]
    ./src/components/chat/ChatInterface.tsx [Client Component Browser]
    ./src/app/main-content.tsx [Client Component Browser]
    ./src/app/main-content.tsx [Server Component]
    ./src/app/page.tsx [Server Component]

  Client Component SSR:
    ./src/components/chat/MessageList.tsx [Client Component SSR]
    ./src/components/chat/ChatInterface.tsx [Client Component SSR]
    ./src/app/main-content.tsx [Client Component SSR]
    ./src/app/main-content.tsx [Server Component]
    ./src/app/page.tsx [Server Component] @ http://localhost:3000/_next/static/chunks/node_modules_next_dist_b0daae9a._.js:2359
[  233358ms] [ERROR] ./src/components/chat/MessageList.tsx:87:34
Parsing ecmascript source code failed
  85 |                           case "step-start":
  86 |                             return partIndex > 0 ? <hr key={partIndex} className="my-3 border-neutral-200" /> : null;
> 87 |                           default:
     |                                  ^
  88 |                             return null;
  89 |                         }
  90 |                       })}

Expected '</', got ':'

Import traces:
  Client Component Browser:
    ./src/components/chat/MessageList.tsx [Client Component Browser]
    ./src/components/chat/ChatInterface.tsx [Client Component Browser]
    ./src/app/main-content.tsx [Client Component Browser]
    ./src/app/main-content.tsx [Server Component]
    ./src/app/page.tsx [Server Component]

  Client Component SSR:
    ./src/components/chat/MessageList.tsx [Client Component SSR]
    ./src/components/chat/ChatInterface.tsx [Client Component SSR]
    ./src/app/main-content.tsx [Client Component SSR]
    ./src/app/main-content.tsx [Server Component]
    ./src/app/page.tsx [Server Component] @ http://localhost:3000/_next/static/chunks/node_modules_next_dist_b0daae9a._.js:2359
[  233422ms] [ERROR] ./src/components/chat/MessageList.tsx:87:34
Parsing ecmascript source code failed
  85 |                           case "step-start":
  86 |                             return partIndex > 0 ? <hr key={partIndex} className="my-3 border-neutral-200" /> : null;
> 87 |                           default:
     |                                  ^
  88 |                             return null;
  89 |                         }
  90 |                       })}

Expected '</', got ':'

Import traces:
  Client Component Browser:
    ./src/components/chat/MessageList.tsx [Client Component Browser]
    ./src/components/chat/ChatInterface.tsx [Client Component Browser]
    ./src/app/main-content.tsx [Client Component Browser]
    ./src/app/main-content.tsx [Server Component]
    ./src/app/page.tsx [Server Component]

  Client Component SSR:
    ./src/components/chat/MessageList.tsx [Client Component SSR]
    ./src/components/chat/ChatInterface.tsx [Client Component SSR]
    ./src/app/main-content.tsx [Client Component SSR]
    ./src/app/main-content.tsx [Server Component]
    ./src/app/page.tsx [Server Component] @ http://localhost:3000/_next/static/chunks/node_modules_next_dist_b0daae9a._.js:2359
[  233485ms] [ERROR] ./src/components/chat/MessageList.tsx:87:34
Parsing ecmascript source code failed
  85 |                           case "step-start":
  86 |                             return partIndex > 0 ? <hr key={partIndex} className="my-3 border-neutral-200" /> : null;
> 87 |                           default:
     |                                  ^
  88 |                             return null;
  89 |                         }
  90 |                       })}

Expected '</', got ':'

Import traces:
  Client Component Browser:
    ./src/components/chat/MessageList.tsx [Client Component Browser]
    ./src/components/chat/ChatInterface.tsx [Client Component Browser]
    ./src/app/main-content.tsx [Client Component Browser]
    ./src/app/main-content.tsx [Server Component]
    ./src/app/page.tsx [Server Component]

  Client Component SSR:
    ./src/components/chat/MessageList.tsx [Client Component SSR]
    ./src/components/chat/ChatInterface.tsx [Client Component SSR]
    ./src/app/main-content.tsx [Client Component SSR]
    ./src/app/main-content.tsx [Server Component]
    ./src/app/page.tsx [Server Component] @ http://localhost:3000/_next/static/chunks/node_modules_next_dist_b0daae9a._.js:2359
[  233550ms] [ERROR] ./src/components/chat/MessageList.tsx:87:34
Parsing ecmascript source code failed
  85 |                           case "step-start":
  86 |                             return partIndex > 0 ? <hr key={partIndex} className="my-3 border-neutral-200" /> : null;
> 87 |                           default:
     |                                  ^
  88 |                             return null;
  89 |                         }
  90 |                       })}

Expected '</', got ':'

Import traces:
  Client Component Browser:
    ./src/components/chat/MessageList.tsx [Client Component Browser]
    ./src/components/chat/ChatInterface.tsx [Client Component Browser]
    ./src/app/main-content.tsx [Client Component Browser]
    ./src/app/main-content.tsx [Server Component]
    ./src/app/page.tsx [Server Component]

  Client Component SSR:
    ./src/components/chat/MessageList.tsx [Client Component SSR]
    ./src/components/chat/ChatInterface.tsx [Client Component SSR]
    ./src/app/main-content.tsx [Client Component SSR]
    ./src/app/main-content.tsx [Server Component]
    ./src/app/page.tsx [Server Component] @ http://localhost:3000/_next/static/chunks/node_modules_next_dist_b0daae9a._.js:2359
[  233609ms] [ERROR] ./src/components/chat/MessageList.tsx:87:34
Parsing ecmascript source code failed
  85 |                           case "step-start":
  86 |                             return partIndex > 0 ? <hr key={partIndex} className="my-3 border-neutral-200" /> : null;
> 87 |                           default:
     |                                  ^
  88 |                             return null;
  89 |                         }
  90 |                       })}

Expected '</', got ':'

Import traces:
  Client Component Browser:
    ./src/components/chat/MessageList.tsx [Client Component Browser]
    ./src/components/chat/ChatInterface.tsx [Client Component Browser]
    ./src/app/main-content.tsx [Client Component Browser]
    ./src/app/main-content.tsx [Server Component]
    ./src/app/page.tsx [Server Component]

  Client Component SSR:
    ./src/components/chat/MessageList.tsx [Client Component SSR]
    ./src/components/chat/ChatInterface.tsx [Client Component SSR]
    ./src/app/main-content.tsx [Client Component SSR]
    ./src/app/main-content.tsx [Server Component]
    ./src/app/page.tsx [Server Component] @ http://localhost:3000/_next/static/chunks/node_modules_next_dist_b0daae9a._.js:2359
[  233656ms] [ERROR] ./src/components/chat/MessageList.tsx:87:34
Parsing ecmascript source code failed
  85 |                           case "step-start":
  86 |                             return partIndex > 0 ? <hr key={partIndex} className="my-3 border-neutral-200" /> : null;
> 87 |                           default:
     |                                  ^
  88 |                             return null;
  89 |                         }
  90 |                       })}

Expected '</', got ':'

Import traces:
  Client Component Browser:
    ./src/components/chat/MessageList.tsx [Client Component Browser]
    ./src/components/chat/ChatInterface.tsx [Client Component Browser]
    ./src/app/main-content.tsx [Client Component Browser]
    ./src/app/main-content.tsx [Server Component]
    ./src/app/page.tsx [Server Component]

  Client Component SSR:
    ./src/components/chat/MessageList.tsx [Client Component SSR]
    ./src/components/chat/ChatInterface.tsx [Client Component SSR]
    ./src/app/main-content.tsx [Client Component SSR]
    ./src/app/main-content.tsx [Server Component]
    ./src/app/page.tsx [Server Component] @ http://localhost:3000/_next/static/chunks/node_modules_next_dist_b0daae9a._.js:2359
[  233704ms] [ERROR] ./src/components/chat/MessageList.tsx:87:34
Parsing ecmascript source code failed
  85 |                           case "step-start":
  86 |                             return partIndex > 0 ? <hr key={partIndex} className="my-3 border-neutral-200" /> : null;
> 87 |                           default:
     |                                  ^
  88 |                             return null;
  89 |                         }
  90 |                       })}

Expected '</', got ':'

Import traces:
  Client Component Browser:
    ./src/components/chat/MessageList.tsx [Client Component Browser]
    ./src/components/chat/ChatInterface.tsx [Client Component Browser]
    ./src/app/main-content.tsx [Client Component Browser]
    ./src/app/main-content.tsx [Server Component]
    ./src/app/page.tsx [Server Component]

  Client Component SSR:
    ./src/components/chat/MessageList.tsx [Client Component SSR]
    ./src/components/chat/ChatInterface.tsx [Client Component SSR]
    ./src/app/main-content.tsx [Client Component SSR]
    ./src/app/main-content.tsx [Server Component]
    ./src/app/page.tsx [Server Component] @ http://localhost:3000/_next/static/chunks/node_modules_next_dist_b0daae9a._.js:2359
[  233756ms] [ERROR] ./src/components/chat/MessageList.tsx:87:34
Parsing ecmascript source code failed
  85 |                           case "step-start":
  86 |                             return partIndex > 0 ? <hr key={partIndex} className="my-3 border-neutral-200" /> : null;
> 87 |                           default:
     |                                  ^
  88 |                             return null;
  89 |                         }
  90 |                       })}

Expected '</', got ':'

Import traces:
  Client Component Browser:
    ./src/components/chat/MessageList.tsx [Client Component Browser]
    ./src/components/chat/ChatInterface.tsx [Client Component Browser]
    ./src/app/main-content.tsx [Client Component Browser]
    ./src/app/main-content.tsx [Server Component]
    ./src/app/page.tsx [Server Component]

  Client Component SSR:
    ./src/components/chat/MessageList.tsx [Client Component SSR]
    ./src/components/chat/ChatInterface.tsx [Client Component SSR]
    ./src/app/main-content.tsx [Client Component SSR]
    ./src/app/main-content.tsx [Server Component]
    ./src/app/page.tsx [Server Component] @ http://localhost:3000/_next/static/chunks/node_modules_next_dist_b0daae9a._.js:2359
[  233814ms] [ERROR] ./src/components/chat/MessageList.tsx:87:34
Parsing ecmascript source code failed
  85 |                           case "step-start":
  86 |                             return partIndex > 0 ? <hr key={partIndex} className="my-3 border-neutral-200" /> : null;
> 87 |                           default:
     |                                  ^
  88 |                             return null;
  89 |                         }
  90 |                       })}

Expected '</', got ':'

Import traces:
  Client Component Browser:
    ./src/components/chat/MessageList.tsx [Client Component Browser]
    ./src/components/chat/ChatInterface.tsx [Client Component Browser]
    ./src/app/main-content.tsx [Client Component Browser]
    ./src/app/main-content.tsx [Server Component]
    ./src/app/page.tsx [Server Component]

  Client Component SSR:
    ./src/components/chat/MessageList.tsx [Client Component SSR]
    ./src/components/chat/ChatInterface.tsx [Client Component SSR]
    ./src/app/main-content.tsx [Client Component SSR]
    ./src/app/main-content.tsx [Server Component]
    ./src/app/page.tsx [Server Component] @ http://localhost:3000/_next/static/chunks/node_modules_next_dist_b0daae9a._.js:2359
[  233859ms] [ERROR] ./src/components/chat/MessageList.tsx:87:34
Parsing ecmascript source code failed
  85 |                           case "step-start":
  86 |                             return partIndex > 0 ? <hr key={partIndex} className="my-3 border-neutral-200" /> : null;
> 87 |                           default:
     |                                  ^
  88 |                             return null;
  89 |                         }
  90 |                       })}

Expected '</', got ':'

Import traces:
  Client Component Browser:
    ./src/components/chat/MessageList.tsx [Client Component Browser]
    ./src/components/chat/ChatInterface.tsx [Client Component Browser]
    ./src/app/main-content.tsx [Client Component Browser]
    ./src/app/main-content.tsx [Server Component]
    ./src/app/page.tsx [Server Component]

  Client Component SSR:
    ./src/components/chat/MessageList.tsx [Client Component SSR]
    ./src/components/chat/ChatInterface.tsx [Client Component SSR]
    ./src/app/main-content.tsx [Client Component SSR]
    ./src/app/main-content.tsx [Server Component]
    ./src/app/page.tsx [Server Component] @ http://localhost:3000/_next/static/chunks/node_modules_next_dist_b0daae9a._.js:2359
[  233907ms] [ERROR] ./src/components/chat/MessageList.tsx:87:34
Parsing ecmascript source code failed
  85 |                           case "step-start":
  86 |                             return partIndex > 0 ? <hr key={partIndex} className="my-3 border-neutral-200" /> : null;
> 87 |                           default:
     |                                  ^
  88 |                             return null;
  89 |                         }
  90 |                       })}

Expected '</', got ':'

Import traces:
  Client Component Browser:
    ./src/components/chat/MessageList.tsx [Client Component Browser]
    ./src/components/chat/ChatInterface.tsx [Client Component Browser]
    ./src/app/main-content.tsx [Client Component Browser]
    ./src/app/main-content.tsx [Server Component]
    ./src/app/page.tsx [Server Component]

  Client Component SSR:
    ./src/components/chat/MessageList.tsx [Client Component SSR]
    ./src/components/chat/ChatInterface.tsx [Client Component SSR]
    ./src/app/main-content.tsx [Client Component SSR]
    ./src/app/main-content.tsx [Server Component]
    ./src/app/page.tsx [Server Component] @ http://localhost:3000/_next/static/chunks/node_modules_next_dist_b0daae9a._.js:2359
[  233974ms] [ERROR] ./src/components/chat/MessageList.tsx:87:34
Parsing ecmascript source code failed
  85 |                           case "step-start":
  86 |                             return partIndex > 0 ? <hr key={partIndex} className="my-3 border-neutral-200" /> : null;
> 87 |                           default:
     |                                  ^
  88 |                             return null;
  89 |                         }
  90 |                       })}

Expected '</', got ':'

Import traces:
  Client Component Browser:
    ./src/components/chat/MessageList.tsx [Client Component Browser]
    ./src/components/chat/ChatInterface.tsx [Client Component Browser]
    ./src/app/main-content.tsx [Client Component Browser]
    ./src/app/main-content.tsx [Server Component]
    ./src/app/page.tsx [Server Component]

  Client Component SSR:
    ./src/components/chat/MessageList.tsx [Client Component SSR]
    ./src/components/chat/ChatInterface.tsx [Client Component SSR]
    ./src/app/main-content.tsx [Client Component SSR]
    ./src/app/main-content.tsx [Server Component]
    ./src/app/page.tsx [Server Component] @ http://localhost:3000/_next/static/chunks/node_modules_next_dist_b0daae9a._.js:2359
[  234025ms] [ERROR] ./src/components/chat/MessageList.tsx:87:34
Parsing ecmascript source code failed
  85 |                           case "step-start":
  86 |                             return partIndex > 0 ? <hr key={partIndex} className="my-3 border-neutral-200" /> : null;
> 87 |                           default:
     |                                  ^
  88 |                             return null;
  89 |                         }
  90 |                       })}

Expected '</', got ':'

Import traces:
  Client Component Browser:
    ./src/components/chat/MessageList.tsx [Client Component Browser]
    ./src/components/chat/ChatInterface.tsx [Client Component Browser]
    ./src/app/main-content.tsx [Client Component Browser]
    ./src/app/main-content.tsx [Server Component]
    ./src/app/page.tsx [Server Component]

  Client Component SSR:
    ./src/components/chat/MessageList.tsx [Client Component SSR]
    ./src/components/chat/ChatInterface.tsx [Client Component SSR]
    ./src/app/main-content.tsx [Client Component SSR]
    ./src/app/main-content.tsx [Server Component]
    ./src/app/page.tsx [Server Component] @ http://localhost:3000/_next/static/chunks/node_modules_next_dist_b0daae9a._.js:2359
[  234090ms] [ERROR] ./src/components/chat/MessageList.tsx:87:34
Parsing ecmascript source code failed
  85 |                           case "step-start":
  86 |                             return partIndex > 0 ? <hr key={partIndex} className="my-3 border-neutral-200" /> : null;
> 87 |                           default:
     |                                  ^
  88 |                             return null;
  89 |                         }
  90 |                       })}

Expected '</', got ':'

Import traces:
  Client Component Browser:
    ./src/components/chat/MessageList.tsx [Client Component Browser]
    ./src/components/chat/ChatInterface.tsx [Client Component Browser]
    ./src/app/main-content.tsx [Client Component Browser]
    ./src/app/main-content.tsx [Server Component]
    ./src/app/page.tsx [Server Component]

  Client Component SSR:
    ./src/components/chat/MessageList.tsx [Client Component SSR]
    ./src/components/chat/ChatInterface.tsx [Client Component SSR]
    ./src/app/main-content.tsx [Client Component SSR]
    ./src/app/main-content.tsx [Server Component]
    ./src/app/page.tsx [Server Component] @ http://localhost:3000/_next/static/chunks/node_modules_next_dist_b0daae9a._.js:2359
[  234158ms] [ERROR] ./src/components/chat/MessageList.tsx:87:34
Parsing ecmascript source code failed
  85 |                           case "step-start":
  86 |                             return partIndex > 0 ? <hr key={partIndex} className="my-3 border-neutral-200" /> : null;
> 87 |                           default:
     |                                  ^
  88 |                             return null;
  89 |                         }
  90 |                       })}

Expected '</', got ':'

Import traces:
  Client Component Browser:
    ./src/components/chat/MessageList.tsx [Client Component Browser]
    ./src/components/chat/ChatInterface.tsx [Client Component Browser]
    ./src/app/main-content.tsx [Client Component Browser]
    ./src/app/main-content.tsx [Server Component]
    ./src/app/page.tsx [Server Component]

  Client Component SSR:
    ./src/components/chat/MessageList.tsx [Client Component SSR]
    ./src/components/chat/ChatInterface.tsx [Client Component SSR]
    ./src/app/main-content.tsx [Client Component SSR]
    ./src/app/main-content.tsx [Server Component]
    ./src/app/page.tsx [Server Component] @ http://localhost:3000/_next/static/chunks/node_modules_next_dist_b0daae9a._.js:2359
[  234211ms] [ERROR] ./src/components/chat/MessageList.tsx:87:34
Parsing ecmascript source code failed
  85 |                           case "step-start":
  86 |                             return partIndex > 0 ? <hr key={partIndex} className="my-3 border-neutral-200" /> : null;
> 87 |                           default:
     |                                  ^
  88 |                             return null;
  89 |                         }
  90 |                       })}

Expected '</', got ':'

Import traces:
  Client Component Browser:
    ./src/components/chat/MessageList.tsx [Client Component Browser]
    ./src/components/chat/ChatInterface.tsx [Client Component Browser]
    ./src/app/main-content.tsx [Client Component Browser]
    ./src/app/main-content.tsx [Server Component]
    ./src/app/page.tsx [Server Component]

  Client Component SSR:
    ./src/components/chat/MessageList.tsx [Client Component SSR]
    ./src/components/chat/ChatInterface.tsx [Client Component SSR]
    ./src/app/main-content.tsx [Client Component SSR]
    ./src/app/main-content.tsx [Server Component]
    ./src/app/page.tsx [Server Component] @ http://localhost:3000/_next/static/chunks/node_modules_next_dist_b0daae9a._.js:2359
[  234259ms] [ERROR] ./src/components/chat/MessageList.tsx:87:34
Parsing ecmascript source code failed
  85 |                           case "step-start":
  86 |                             return partIndex > 0 ? <hr key={partIndex} className="my-3 border-neutral-200" /> : null;
> 87 |                           default:
     |                                  ^
  88 |                             return null;
  89 |                         }
  90 |                       })}

Expected '</', got ':'

Import traces:
  Client Component Browser:
    ./src/components/chat/MessageList.tsx [Client Component Browser]
    ./src/components/chat/ChatInterface.tsx [Client Component Browser]
    ./src/app/main-content.tsx [Client Component Browser]
    ./src/app/main-content.tsx [Server Component]
    ./src/app/page.tsx [Server Component]

  Client Component SSR:
    ./src/components/chat/MessageList.tsx [Client Component SSR]
    ./src/components/chat/ChatInterface.tsx [Client Component SSR]
    ./src/app/main-content.tsx [Client Component SSR]
    ./src/app/main-content.tsx [Server Component]
    ./src/app/page.tsx [Server Component] @ http://localhost:3000/_next/static/chunks/node_modules_next_dist_b0daae9a._.js:2359
[  234310ms] [ERROR] ./src/components/chat/MessageList.tsx:87:34
Parsing ecmascript source code failed
  85 |                           case "step-start":
  86 |                             return partIndex > 0 ? <hr key={partIndex} className="my-3 border-neutral-200" /> : null;
> 87 |                           default:
     |                                  ^
  88 |                             return null;
  89 |                         }
  90 |                       })}

Expected '</', got ':'

Import traces:
  Client Component Browser:
    ./src/components/chat/MessageList.tsx [Client Component Browser]
    ./src/components/chat/ChatInterface.tsx [Client Component Browser]
    ./src/app/main-content.tsx [Client Component Browser]
    ./src/app/main-content.tsx [Server Component]
    ./src/app/page.tsx [Server Component]

  Client Component SSR:
    ./src/components/chat/MessageList.tsx [Client Component SSR]
    ./src/components/chat/ChatInterface.tsx [Client Component SSR]
    ./src/app/main-content.tsx [Client Component SSR]
    ./src/app/main-content.tsx [Server Component]
    ./src/app/page.tsx [Server Component] @ http://localhost:3000/_next/static/chunks/node_modules_next_dist_b0daae9a._.js:2359
[  234366ms] [ERROR] ./src/components/chat/MessageList.tsx:87:34
Parsing ecmascript source code failed
  85 |                           case "step-start":
  86 |                             return partIndex > 0 ? <hr key={partIndex} className="my-3 border-neutral-200" /> : null;
> 87 |                           default:
     |                                  ^
  88 |                             return null;
  89 |                         }
  90 |                       })}

Expected '</', got ':'

Import traces:
  Client Component Browser:
    ./src/components/chat/MessageList.tsx [Client Component Browser]
    ./src/components/chat/ChatInterface.tsx [Client Component Browser]
    ./src/app/main-content.tsx [Client Component Browser]
    ./src/app/main-content.tsx [Server Component]
    ./src/app/page.tsx [Server Component]

  Client Component SSR:
    ./src/components/chat/MessageList.tsx [Client Component SSR]
    ./src/components/chat/ChatInterface.tsx [Client Component SSR]
    ./src/app/main-content.tsx [Client Component SSR]
    ./src/app/main-content.tsx [Server Component]
    ./src/app/page.tsx [Server Component] @ http://localhost:3000/_next/static/chunks/node_modules_next_dist_b0daae9a._.js:2359
[  234407ms] [ERROR] ./src/components/chat/MessageList.tsx:87:34
Parsing ecmascript source code failed
  85 |                           case "step-start":
  86 |                             return partIndex > 0 ? <hr key={partIndex} className="my-3 border-neutral-200" /> : null;
> 87 |                           default:
     |                                  ^
  88 |                             return null;
  89 |                         }
  90 |                       })}

Expected '</', got ':'

Import traces:
  Client Component Browser:
    ./src/components/chat/MessageList.tsx [Client Component Browser]
    ./src/components/chat/ChatInterface.tsx [Client Component Browser]
    ./src/app/main-content.tsx [Client Component Browser]
    ./src/app/main-content.tsx [Server Component]
    ./src/app/page.tsx [Server Component]

  Client Component SSR:
    ./src/components/chat/MessageList.tsx [Client Component SSR]
    ./src/components/chat/ChatInterface.tsx [Client Component SSR]
    ./src/app/main-content.tsx [Client Component SSR]
    ./src/app/main-content.tsx [Server Component]
    ./src/app/page.tsx [Server Component] @ http://localhost:3000/_next/static/chunks/node_modules_next_dist_b0daae9a._.js:2359
[  234456ms] [ERROR] ./src/components/chat/MessageList.tsx:87:34
Parsing ecmascript source code failed
  85 |                           case "step-start":
  86 |                             return partIndex > 0 ? <hr key={partIndex} className="my-3 border-neutral-200" /> : null;
> 87 |                           default:
     |                                  ^
  88 |                             return null;
  89 |                         }
  90 |                       })}

Expected '</', got ':'

Import traces:
  Client Component Browser:
    ./src/components/chat/MessageList.tsx [Client Component Browser]
    ./src/components/chat/ChatInterface.tsx [Client Component Browser]
    ./src/app/main-content.tsx [Client Component Browser]
    ./src/app/main-content.tsx [Server Component]
    ./src/app/page.tsx [Server Component]

  Client Component SSR:
    ./src/components/chat/MessageList.tsx [Client Component SSR]
    ./src/components/chat/ChatInterface.tsx [Client Component SSR]
    ./src/app/main-content.tsx [Client Component SSR]
    ./src/app/main-content.tsx [Server Component]
    ./src/app/page.tsx [Server Component] @ http://localhost:3000/_next/static/chunks/node_modules_next_dist_b0daae9a._.js:2359
[  234508ms] [ERROR] ./src/components/chat/MessageList.tsx:87:34
Parsing ecmascript source code failed
  85 |                           case "step-start":
  86 |                             return partIndex > 0 ? <hr key={partIndex} className="my-3 border-neutral-200" /> : null;
> 87 |                           default:
     |                                  ^
  88 |                             return null;
  89 |                         }
  90 |                       })}

Expected '</', got ':'

Import traces:
  Client Component Browser:
    ./src/components/chat/MessageList.tsx [Client Component Browser]
    ./src/components/chat/ChatInterface.tsx [Client Component Browser]
    ./src/app/main-content.tsx [Client Component Browser]
    ./src/app/main-content.tsx [Server Component]
    ./src/app/page.tsx [Server Component]

  Client Component SSR:
    ./src/components/chat/MessageList.tsx [Client Component SSR]
    ./src/components/chat/ChatInterface.tsx [Client Component SSR]
    ./src/app/main-content.tsx [Client Component SSR]
    ./src/app/main-content.tsx [Server Component]
    ./src/app/page.tsx [Server Component] @ http://localhost:3000/_next/static/chunks/node_modules_next_dist_b0daae9a._.js:2359
[  234573ms] [ERROR] ./src/components/chat/MessageList.tsx:87:34
Parsing ecmascript source code failed
  85 |                           case "step-start":
  86 |                             return partIndex > 0 ? <hr key={partIndex} className="my-3 border-neutral-200" /> : null;
> 87 |                           default:
     |                                  ^
  88 |                             return null;
  89 |                         }
  90 |                       })}

Expected '</', got ':'

Import traces:
  Client Component Browser:
    ./src/components/chat/MessageList.tsx [Client Component Browser]
    ./src/components/chat/ChatInterface.tsx [Client Component Browser]
    ./src/app/main-content.tsx [Client Component Browser]
    ./src/app/main-content.tsx [Server Component]
    ./src/app/page.tsx [Server Component]

  Client Component SSR:
    ./src/components/chat/MessageList.tsx [Client Component SSR]
    ./src/components/chat/ChatInterface.tsx [Client Component SSR]
    ./src/app/main-content.tsx [Client Component SSR]
    ./src/app/main-content.tsx [Server Component]
    ./src/app/page.tsx [Server Component] @ http://localhost:3000/_next/static/chunks/node_modules_next_dist_b0daae9a._.js:2359
[  234625ms] [ERROR] ./src/components/chat/MessageList.tsx:87:34
Parsing ecmascript source code failed
  85 |                           case "step-start":
  86 |                             return partIndex > 0 ? <hr key={partIndex} className="my-3 border-neutral-200" /> : null;
> 87 |                           default:
     |                                  ^
  88 |                             return null;
  89 |                         }
  90 |                       })}

Expected '</', got ':'

Import traces:
  Client Component Browser:
    ./src/components/chat/MessageList.tsx [Client Component Browser]
    ./src/components/chat/ChatInterface.tsx [Client Component Browser]
    ./src/app/main-content.tsx [Client Component Browser]
    ./src/app/main-content.tsx [Server Component]
    ./src/app/page.tsx [Server Component]

  Client Component SSR:
    ./src/components/chat/MessageList.tsx [Client Component SSR]
    ./src/components/chat/ChatInterface.tsx [Client Component SSR]
    ./src/app/main-content.tsx [Client Component SSR]
    ./src/app/main-content.tsx [Server Component]
    ./src/app/page.tsx [Server Component] @ http://localhost:3000/_next/static/chunks/node_modules_next_dist_b0daae9a._.js:2359
[  234688ms] [ERROR] ./src/components/chat/MessageList.tsx:87:34
Parsing ecmascript source code failed
  85 |                           case "step-start":
  86 |                             return partIndex > 0 ? <hr key={partIndex} className="my-3 border-neutral-200" /> : null;
> 87 |                           default:
     |                                  ^
  88 |                             return null;
  89 |                         }
  90 |                       })}

Expected '</', got ':'

Import traces:
  Client Component Browser:
    ./src/components/chat/MessageList.tsx [Client Component Browser]
    ./src/components/chat/ChatInterface.tsx [Client Component Browser]
    ./src/app/main-content.tsx [Client Component Browser]
    ./src/app/main-content.tsx [Server Component]
    ./src/app/page.tsx [Server Component]

  Client Component SSR:
    ./src/components/chat/MessageList.tsx [Client Component SSR]
    ./src/components/chat/ChatInterface.tsx [Client Component SSR]
    ./src/app/main-content.tsx [Client Component SSR]
    ./src/app/main-content.tsx [Server Component]
    ./src/app/page.tsx [Server Component] @ http://localhost:3000/_next/static/chunks/node_modules_next_dist_b0daae9a._.js:2359
[  234738ms] [ERROR] ./src/components/chat/MessageList.tsx:87:34
Parsing ecmascript source code failed
  85 |                           case "step-start":
  86 |                             return partIndex > 0 ? <hr key={partIndex} className="my-3 border-neutral-200" /> : null;
> 87 |                           default:
     |                                  ^
  88 |                             return null;
  89 |                         }
  90 |                       })}

Expected '</', got ':'

Import traces:
  Client Component Browser:
    ./src/components/chat/MessageList.tsx [Client Component Browser]
    ./src/components/chat/ChatInterface.tsx [Client Component Browser]
    ./src/app/main-content.tsx [Client Component Browser]
    ./src/app/main-content.tsx [Server Component]
    ./src/app/page.tsx [Server Component]

  Client Component SSR:
    ./src/components/chat/MessageList.tsx [Client Component SSR]
    ./src/components/chat/ChatInterface.tsx [Client Component SSR]
    ./src/app/main-content.tsx [Client Component SSR]
    ./src/app/main-content.tsx [Server Component]
    ./src/app/page.tsx [Server Component] @ http://localhost:3000/_next/static/chunks/node_modules_next_dist_b0daae9a._.js:2359
[  234788ms] [ERROR] ./src/components/chat/MessageList.tsx:87:34
Parsing ecmascript source code failed
  85 |                           case "step-start":
  86 |                             return partIndex > 0 ? <hr key={partIndex} className="my-3 border-neutral-200" /> : null;
> 87 |                           default:
     |                                  ^
  88 |                             return null;
  89 |                         }
  90 |                       })}

Expected '</', got ':'

Import traces:
  Client Component Browser:
    ./src/components/chat/MessageList.tsx [Client Component Browser]
    ./src/components/chat/ChatInterface.tsx [Client Component Browser]
    ./src/app/main-content.tsx [Client Component Browser]
    ./src/app/main-content.tsx [Server Component]
    ./src/app/page.tsx [Server Component]

  Client Component SSR:
    ./src/components/chat/MessageList.tsx [Client Component SSR]
    ./src/components/chat/ChatInterface.tsx [Client Component SSR]
    ./src/app/main-content.tsx [Client Component SSR]
    ./src/app/main-content.tsx [Server Component]
    ./src/app/page.tsx [Server Component] @ http://localhost:3000/_next/static/chunks/node_modules_next_dist_b0daae9a._.js:2359
[  234839ms] [ERROR] ./src/components/chat/MessageList.tsx:87:34
Parsing ecmascript source code failed
  85 |                           case "step-start":
  86 |                             return partIndex > 0 ? <hr key={partIndex} className="my-3 border-neutral-200" /> : null;
> 87 |                           default:
     |                                  ^
  88 |                             return null;
  89 |                         }
  90 |                       })}

Expected '</', got ':'

Import traces:
  Client Component Browser:
    ./src/components/chat/MessageList.tsx [Client Component Browser]
    ./src/components/chat/ChatInterface.tsx [Client Component Browser]
    ./src/app/main-content.tsx [Client Component Browser]
    ./src/app/main-content.tsx [Server Component]
    ./src/app/page.tsx [Server Component]

  Client Component SSR:
    ./src/components/chat/MessageList.tsx [Client Component SSR]
    ./src/components/chat/ChatInterface.tsx [Client Component SSR]
    ./src/app/main-content.tsx [Client Component SSR]
    ./src/app/main-content.tsx [Server Component]
    ./src/app/page.tsx [Server Component] @ http://localhost:3000/_next/static/chunks/node_modules_next_dist_b0daae9a._.js:2359
[  234887ms] [ERROR] ./src/components/chat/MessageList.tsx:87:34
Parsing ecmascript source code failed
  85 |                           case "step-start":
  86 |                             return partIndex > 0 ? <hr key={partIndex} className="my-3 border-neutral-200" /> : null;
> 87 |                           default:
     |                                  ^
  88 |                             return null;
  89 |                         }
  90 |                       })}

Expected '</', got ':'

Import traces:
  Client Component Browser:
    ./src/components/chat/MessageList.tsx [Client Component Browser]
    ./src/components/chat/ChatInterface.tsx [Client Component Browser]
    ./src/app/main-content.tsx [Client Component Browser]
    ./src/app/main-content.tsx [Server Component]
    ./src/app/page.tsx [Server Component]

  Client Component SSR:
    ./src/components/chat/MessageList.tsx [Client Component SSR]
    ./src/components/chat/ChatInterface.tsx [Client Component SSR]
    ./src/app/main-content.tsx [Client Component SSR]
    ./src/app/main-content.tsx [Server Component]
    ./src/app/page.tsx [Server Component] @ http://localhost:3000/_next/static/chunks/node_modules_next_dist_b0daae9a._.js:2359
[  234938ms] [ERROR] ./src/components/chat/MessageList.tsx:87:34
Parsing ecmascript source code failed
  85 |                           case "step-start":
  86 |                             return partIndex > 0 ? <hr key={partIndex} className="my-3 border-neutral-200" /> : null;
> 87 |                           default:
     |                                  ^
  88 |                             return null;
  89 |                         }
  90 |                       })}

Expected '</', got ':'

Import traces:
  Client Component Browser:
    ./src/components/chat/MessageList.tsx [Client Component Browser]
    ./src/components/chat/ChatInterface.tsx [Client Component Browser]
    ./src/app/main-content.tsx [Client Component Browser]
    ./src/app/main-content.tsx [Server Component]
    ./src/app/page.tsx [Server Component]

  Client Component SSR:
    ./src/components/chat/MessageList.tsx [Client Component SSR]
    ./src/components/chat/ChatInterface.tsx [Client Component SSR]
    ./src/app/main-content.tsx [Client Component SSR]
    ./src/app/main-content.tsx [Server Component]
    ./src/app/page.tsx [Server Component] @ http://localhost:3000/_next/static/chunks/node_modules_next_dist_b0daae9a._.js:2359
[  234994ms] [ERROR] ./src/components/chat/MessageList.tsx:87:34
Parsing ecmascript source code failed
  85 |                           case "step-start":
  86 |                             return partIndex > 0 ? <hr key={partIndex} className="my-3 border-neutral-200" /> : null;
> 87 |                           default:
     |                                  ^
  88 |                             return null;
  89 |                         }
  90 |                       })}

Expected '</', got ':'

Import traces:
  Client Component Browser:
    ./src/components/chat/MessageList.tsx [Client Component Browser]
    ./src/components/chat/ChatInterface.tsx [Client Component Browser]
    ./src/app/main-content.tsx [Client Component Browser]
    ./src/app/main-content.tsx [Server Component]
    ./src/app/page.tsx [Server Component]

  Client Component SSR:
    ./src/components/chat/MessageList.tsx [Client Component SSR]
    ./src/components/chat/ChatInterface.tsx [Client Component SSR]
    ./src/app/main-content.tsx [Client Component SSR]
    ./src/app/main-content.tsx [Server Component]
    ./src/app/page.tsx [Server Component] @ http://localhost:3000/_next/static/chunks/node_modules_next_dist_b0daae9a._.js:2359
[  235048ms] [ERROR] ./src/components/chat/MessageList.tsx:87:34
Parsing ecmascript source code failed
  85 |                           case "step-start":
  86 |                             return partIndex > 0 ? <hr key={partIndex} className="my-3 border-neutral-200" /> : null;
> 87 |                           default:
     |                                  ^
  88 |                             return null;
  89 |                         }
  90 |                       })}

Expected '</', got ':'

Import traces:
  Client Component Browser:
    ./src/components/chat/MessageList.tsx [Client Component Browser]
    ./src/components/chat/ChatInterface.tsx [Client Component Browser]
    ./src/app/main-content.tsx [Client Component Browser]
    ./src/app/main-content.tsx [Server Component]
    ./src/app/page.tsx [Server Component]

  Client Component SSR:
    ./src/components/chat/MessageList.tsx [Client Component SSR]
    ./src/components/chat/ChatInterface.tsx [Client Component SSR]
    ./src/app/main-content.tsx [Client Component SSR]
    ./src/app/main-content.tsx [Server Component]
    ./src/app/page.tsx [Server Component] @ http://localhost:3000/_next/static/chunks/node_modules_next_dist_b0daae9a._.js:2359
[  235088ms] [ERROR] ./src/components/chat/MessageList.tsx:87:34
Parsing ecmascript source code failed
  85 |                           case "step-start":
  86 |                             return partIndex > 0 ? <hr key={partIndex} className="my-3 border-neutral-200" /> : null;
> 87 |                           default:
     |                                  ^
  88 |                             return null;
  89 |                         }
  90 |                       })}

Expected '</', got ':'

Import traces:
  Client Component Browser:
    ./src/components/chat/MessageList.tsx [Client Component Browser]
    ./src/components/chat/ChatInterface.tsx [Client Component Browser]
    ./src/app/main-content.tsx [Client Component Browser]
    ./src/app/main-content.tsx [Server Component]
    ./src/app/page.tsx [Server Component]

  Client Component SSR:
    ./src/components/chat/MessageList.tsx [Client Component SSR]
    ./src/components/chat/ChatInterface.tsx [Client Component SSR]
    ./src/app/main-content.tsx [Client Component SSR]
    ./src/app/main-content.tsx [Server Component]
    ./src/app/page.tsx [Server Component] @ http://localhost:3000/_next/static/chunks/node_modules_next_dist_b0daae9a._.js:2359
[  235149ms] [ERROR] ./src/components/chat/MessageList.tsx:87:34
Parsing ecmascript source code failed
  85 |                           case "step-start":
  86 |                             return partIndex > 0 ? <hr key={partIndex} className="my-3 border-neutral-200" /> : null;
> 87 |                           default:
     |                                  ^
  88 |                             return null;
  89 |                         }
  90 |                       })}

Expected '</', got ':'

Import traces:
  Client Component Browser:
    ./src/components/chat/MessageList.tsx [Client Component Browser]
    ./src/components/chat/ChatInterface.tsx [Client Component Browser]
    ./src/app/main-content.tsx [Client Component Browser]
    ./src/app/main-content.tsx [Server Component]
    ./src/app/page.tsx [Server Component]

  Client Component SSR:
    ./src/components/chat/MessageList.tsx [Client Component SSR]
    ./src/components/chat/ChatInterface.tsx [Client Component SSR]
    ./src/app/main-content.tsx [Client Component SSR]
    ./src/app/main-content.tsx [Server Component]
    ./src/app/page.tsx [Server Component] @ http://localhost:3000/_next/static/chunks/node_modules_next_dist_b0daae9a._.js:2359
[  235195ms] [ERROR] ./src/components/chat/MessageList.tsx:87:34
Parsing ecmascript source code failed
  85 |                           case "step-start":
  86 |                             return partIndex > 0 ? <hr key={partIndex} className="my-3 border-neutral-200" /> : null;
> 87 |                           default:
     |                                  ^
  88 |                             return null;
  89 |                         }
  90 |                       })}

Expected '</', got ':'

Import traces:
  Client Component Browser:
    ./src/components/chat/MessageList.tsx [Client Component Browser]
    ./src/components/chat/ChatInterface.tsx [Client Component Browser]
    ./src/app/main-content.tsx [Client Component Browser]
    ./src/app/main-content.tsx [Server Component]
    ./src/app/page.tsx [Server Component]

  Client Component SSR:
    ./src/components/chat/MessageList.tsx [Client Component SSR]
    ./src/components/chat/ChatInterface.tsx [Client Component SSR]
    ./src/app/main-content.tsx [Client Component SSR]
    ./src/app/main-content.tsx [Server Component]
    ./src/app/page.tsx [Server Component] @ http://localhost:3000/_next/static/chunks/node_modules_next_dist_b0daae9a._.js:2359
[  235247ms] [ERROR] ./src/components/chat/MessageList.tsx:87:34
Parsing ecmascript source code failed
  85 |                           case "step-start":
  86 |                             return partIndex > 0 ? <hr key={partIndex} className="my-3 border-neutral-200" /> : null;
> 87 |                           default:
     |                                  ^
  88 |                             return null;
  89 |                         }
  90 |                       })}

Expected '</', got ':'

Import traces:
  Client Component Browser:
    ./src/components/chat/MessageList.tsx [Client Component Browser]
    ./src/components/chat/ChatInterface.tsx [Client Component Browser]
    ./src/app/main-content.tsx [Client Component Browser]
    ./src/app/main-content.tsx [Server Component]
    ./src/app/page.tsx [Server Component]

  Client Component SSR:
    ./src/components/chat/MessageList.tsx [Client Component SSR]
    ./src/components/chat/ChatInterface.tsx [Client Component SSR]
    ./src/app/main-content.tsx [Client Component SSR]
    ./src/app/main-content.tsx [Server Component]
    ./src/app/page.tsx [Server Component] @ http://localhost:3000/_next/static/chunks/node_modules_next_dist_b0daae9a._.js:2359
[  235294ms] [ERROR] ./src/components/chat/MessageList.tsx:87:34
Parsing ecmascript source code failed
  85 |                           case "step-start":
  86 |                             return partIndex > 0 ? <hr key={partIndex} className="my-3 border-neutral-200" /> : null;
> 87 |                           default:
     |                                  ^
  88 |                             return null;
  89 |                         }
  90 |                       })}

Expected '</', got ':'

Import traces:
  Client Component Browser:
    ./src/components/chat/MessageList.tsx [Client Component Browser]
    ./src/components/chat/ChatInterface.tsx [Client Component Browser]
    ./src/app/main-content.tsx [Client Component Browser]
    ./src/app/main-content.tsx [Server Component]
    ./src/app/page.tsx [Server Component]

  Client Component SSR:
    ./src/components/chat/MessageList.tsx [Client Component SSR]
    ./src/components/chat/ChatInterface.tsx [Client Component SSR]
    ./src/app/main-content.tsx [Client Component SSR]
    ./src/app/main-content.tsx [Server Component]
    ./src/app/page.tsx [Server Component] @ http://localhost:3000/_next/static/chunks/node_modules_next_dist_b0daae9a._.js:2359
[  235338ms] [ERROR] ./src/components/chat/MessageList.tsx:87:34
Parsing ecmascript source code failed
  85 |                           case "step-start":
  86 |                             return partIndex > 0 ? <hr key={partIndex} className="my-3 border-neutral-200" /> : null;
> 87 |                           default:
     |                                  ^
  88 |                             return null;
  89 |                         }
  90 |                       })}

Expected '</', got ':'

Import traces:
  Client Component Browser:
    ./src/components/chat/MessageList.tsx [Client Component Browser]
    ./src/components/chat/ChatInterface.tsx [Client Component Browser]
    ./src/app/main-content.tsx [Client Component Browser]
    ./src/app/main-content.tsx [Server Component]
    ./src/app/page.tsx [Server Component]

  Client Component SSR:
    ./src/components/chat/MessageList.tsx [Client Component SSR]
    ./src/components/chat/ChatInterface.tsx [Client Component SSR]
    ./src/app/main-content.tsx [Client Component SSR]
    ./src/app/main-content.tsx [Server Component]
    ./src/app/page.tsx [Server Component] @ http://localhost:3000/_next/static/chunks/node_modules_next_dist_b0daae9a._.js:2359
[  235392ms] [ERROR] ./src/components/chat/MessageList.tsx:87:34
Parsing ecmascript source code failed
  85 |                           case "step-start":
  86 |                             return partIndex > 0 ? <hr key={partIndex} className="my-3 border-neutral-200" /> : null;
> 87 |                           default:
     |                                  ^
  88 |                             return null;
  89 |                         }
  90 |                       })}

Expected '</', got ':'

Import traces:
  Client Component Browser:
    ./src/components/chat/MessageList.tsx [Client Component Browser]
    ./src/components/chat/ChatInterface.tsx [Client Component Browser]
    ./src/app/main-content.tsx [Client Component Browser]
    ./src/app/main-content.tsx [Server Component]
    ./src/app/page.tsx [Server Component]

  Client Component SSR:
    ./src/components/chat/MessageList.tsx [Client Component SSR]
    ./src/components/chat/ChatInterface.tsx [Client Component SSR]
    ./src/app/main-content.tsx [Client Component SSR]
    ./src/app/main-content.tsx [Server Component]
    ./src/app/page.tsx [Server Component] @ http://localhost:3000/_next/static/chunks/node_modules_next_dist_b0daae9a._.js:2359
[  235443ms] [ERROR] ./src/components/chat/MessageList.tsx:87:34
Parsing ecmascript source code failed
  85 |                           case "step-start":
  86 |                             return partIndex > 0 ? <hr key={partIndex} className="my-3 border-neutral-200" /> : null;
> 87 |                           default:
     |                                  ^
  88 |                             return null;
  89 |                         }
  90 |                       })}

Expected '</', got ':'

Import traces:
  Client Component Browser:
    ./src/components/chat/MessageList.tsx [Client Component Browser]
    ./src/components/chat/ChatInterface.tsx [Client Component Browser]
    ./src/app/main-content.tsx [Client Component Browser]
    ./src/app/main-content.tsx [Server Component]
    ./src/app/page.tsx [Server Component]

  Client Component SSR:
    ./src/components/chat/MessageList.tsx [Client Component SSR]
    ./src/components/chat/ChatInterface.tsx [Client Component SSR]
    ./src/app/main-content.tsx [Client Component SSR]
    ./src/app/main-content.tsx [Server Component]
    ./src/app/page.tsx [Server Component] @ http://localhost:3000/_next/static/chunks/node_modules_next_dist_b0daae9a._.js:2359
[  235490ms] [ERROR] ./src/components/chat/MessageList.tsx:87:34
Parsing ecmascript source code failed
  85 |                           case "step-start":
  86 |                             return partIndex > 0 ? <hr key={partIndex} className="my-3 border-neutral-200" /> : null;
> 87 |                           default:
     |                                  ^
  88 |                             return null;
  89 |                         }
  90 |                       })}

Expected '</', got ':'

Import traces:
  Client Component Browser:
    ./src/components/chat/MessageList.tsx [Client Component Browser]
    ./src/components/chat/ChatInterface.tsx [Client Component Browser]
    ./src/app/main-content.tsx [Client Component Browser]
    ./src/app/main-content.tsx [Server Component]
    ./src/app/page.tsx [Server Component]

  Client Component SSR:
    ./src/components/chat/MessageList.tsx [Client Component SSR]
    ./src/components/chat/ChatInterface.tsx [Client Component SSR]
    ./src/app/main-content.tsx [Client Component SSR]
    ./src/app/main-content.tsx [Server Component]
    ./src/app/page.tsx [Server Component] @ http://localhost:3000/_next/static/chunks/node_modules_next_dist_b0daae9a._.js:2359
[  235540ms] [ERROR] ./src/components/chat/MessageList.tsx:87:34
Parsing ecmascript source code failed
  85 |                           case "step-start":
  86 |                             return partIndex > 0 ? <hr key={partIndex} className="my-3 border-neutral-200" /> : null;
> 87 |                           default:
     |                                  ^
  88 |                             return null;
  89 |                         }
  90 |                       })}

Expected '</', got ':'

Import traces:
  Client Component Browser:
    ./src/components/chat/MessageList.tsx [Client Component Browser]
    ./src/components/chat/ChatInterface.tsx [Client Component Browser]
    ./src/app/main-content.tsx [Client Component Browser]
    ./src/app/main-content.tsx [Server Component]
    ./src/app/page.tsx [Server Component]

  Client Component SSR:
    ./src/components/chat/MessageList.tsx [Client Component SSR]
    ./src/components/chat/ChatInterface.tsx [Client Component SSR]
    ./src/app/main-content.tsx [Client Component SSR]
    ./src/app/main-content.tsx [Server Component]
    ./src/app/page.tsx [Server Component] @ http://localhost:3000/_next/static/chunks/node_modules_next_dist_b0daae9a._.js:2359
[  235591ms] [ERROR] ./src/components/chat/MessageList.tsx:87:34
Parsing ecmascript source code failed
  85 |                           case "step-start":
  86 |                             return partIndex > 0 ? <hr key={partIndex} className="my-3 border-neutral-200" /> : null;
> 87 |                           default:
     |                                  ^
  88 |                             return null;
  89 |                         }
  90 |                       })}

Expected '</', got ':'

Import traces:
  Client Component Browser:
    ./src/components/chat/MessageList.tsx [Client Component Browser]
    ./src/components/chat/ChatInterface.tsx [Client Component Browser]
    ./src/app/main-content.tsx [Client Component Browser]
    ./src/app/main-content.tsx [Server Component]
    ./src/app/page.tsx [Server Component]

  Client Component SSR:
    ./src/components/chat/MessageList.tsx [Client Component SSR]
    ./src/components/chat/ChatInterface.tsx [Client Component SSR]
    ./src/app/main-content.tsx [Client Component SSR]
    ./src/app/main-content.tsx [Server Component]
    ./src/app/page.tsx [Server Component] @ http://localhost:3000/_next/static/chunks/node_modules_next_dist_b0daae9a._.js:2359
[  235637ms] [ERROR] ./src/components/chat/MessageList.tsx:87:34
Parsing ecmascript source code failed
  85 |                           case "step-start":
  86 |                             return partIndex > 0 ? <hr key={partIndex} className="my-3 border-neutral-200" /> : null;
> 87 |                           default:
     |                                  ^
  88 |                             return null;
  89 |                         }
  90 |                       })}

Expected '</', got ':'

Import traces:
  Client Component Browser:
    ./src/components/chat/MessageList.tsx [Client Component Browser]
    ./src/components/chat/ChatInterface.tsx [Client Component Browser]
    ./src/app/main-content.tsx [Client Component Browser]
    ./src/app/main-content.tsx [Server Component]
    ./src/app/page.tsx [Server Component]

  Client Component SSR:
    ./src/components/chat/MessageList.tsx [Client Component SSR]
    ./src/components/chat/ChatInterface.tsx [Client Component SSR]
    ./src/app/main-content.tsx [Client Component SSR]
    ./src/app/main-content.tsx [Server Component]
    ./src/app/page.tsx [Server Component] @ http://localhost:3000/_next/static/chunks/node_modules_next_dist_b0daae9a._.js:2359
[  235682ms] [ERROR] ./src/components/chat/MessageList.tsx:87:34
Parsing ecmascript source code failed
  85 |                           case "step-start":
  86 |                             return partIndex > 0 ? <hr key={partIndex} className="my-3 border-neutral-200" /> : null;
> 87 |                           default:
     |                                  ^
  88 |                             return null;
  89 |                         }
  90 |                       })}

Expected '</', got ':'

Import traces:
  Client Component Browser:
    ./src/components/chat/MessageList.tsx [Client Component Browser]
    ./src/components/chat/ChatInterface.tsx [Client Component Browser]
    ./src/app/main-content.tsx [Client Component Browser]
    ./src/app/main-content.tsx [Server Component]
    ./src/app/page.tsx [Server Component]

  Client Component SSR:
    ./src/components/chat/MessageList.tsx [Client Component SSR]
    ./src/components/chat/ChatInterface.tsx [Client Component SSR]
    ./src/app/main-content.tsx [Client Component SSR]
    ./src/app/main-content.tsx [Server Component]
    ./src/app/page.tsx [Server Component] @ http://localhost:3000/_next/static/chunks/node_modules_next_dist_b0daae9a._.js:2359
[  235739ms] [ERROR] ./src/components/chat/MessageList.tsx:87:34
Parsing ecmascript source code failed
  85 |                           case "step-start":
  86 |                             return partIndex > 0 ? <hr key={partIndex} className="my-3 border-neutral-200" /> : null;
> 87 |                           default:
     |                                  ^
  88 |                             return null;
  89 |                         }
  90 |                       })}

Expected '</', got ':'

Import traces:
  Client Component Browser:
    ./src/components/chat/MessageList.tsx [Client Component Browser]
    ./src/components/chat/ChatInterface.tsx [Client Component Browser]
    ./src/app/main-content.tsx [Client Component Browser]
    ./src/app/main-content.tsx [Server Component]
    ./src/app/page.tsx [Server Component]

  Client Component SSR:
    ./src/components/chat/MessageList.tsx [Client Component SSR]
    ./src/components/chat/ChatInterface.tsx [Client Component SSR]
    ./src/app/main-content.tsx [Client Component SSR]
    ./src/app/main-content.tsx [Server Component]
    ./src/app/page.tsx [Server Component] @ http://localhost:3000/_next/static/chunks/node_modules_next_dist_b0daae9a._.js:2359
[  235790ms] [ERROR] ./src/components/chat/MessageList.tsx:87:34
Parsing ecmascript source code failed
  85 |                           case "step-start":
  86 |                             return partIndex > 0 ? <hr key={partIndex} className="my-3 border-neutral-200" /> : null;
> 87 |                           default:
     |                                  ^
  88 |                             return null;
  89 |                         }
  90 |                       })}

Expected '</', got ':'

Import traces:
  Client Component Browser:
    ./src/components/chat/MessageList.tsx [Client Component Browser]
    ./src/components/chat/ChatInterface.tsx [Client Component Browser]
    ./src/app/main-content.tsx [Client Component Browser]
    ./src/app/main-content.tsx [Server Component]
    ./src/app/page.tsx [Server Component]

  Client Component SSR:
    ./src/components/chat/MessageList.tsx [Client Component SSR]
    ./src/components/chat/ChatInterface.tsx [Client Component SSR]
    ./src/app/main-content.tsx [Client Component SSR]
    ./src/app/main-content.tsx [Server Component]
    ./src/app/page.tsx [Server Component] @ http://localhost:3000/_next/static/chunks/node_modules_next_dist_b0daae9a._.js:2359
[  235839ms] [ERROR] ./src/components/chat/MessageList.tsx:87:34
Parsing ecmascript source code failed
  85 |                           case "step-start":
  86 |                             return partIndex > 0 ? <hr key={partIndex} className="my-3 border-neutral-200" /> : null;
> 87 |                           default:
     |                                  ^
  88 |                             return null;
  89 |                         }
  90 |                       })}

Expected '</', got ':'

Import traces:
  Client Component Browser:
    ./src/components/chat/MessageList.tsx [Client Component Browser]
    ./src/components/chat/ChatInterface.tsx [Client Component Browser]
    ./src/app/main-content.tsx [Client Component Browser]
    ./src/app/main-content.tsx [Server Component]
    ./src/app/page.tsx [Server Component]

  Client Component SSR:
    ./src/components/chat/MessageList.tsx [Client Component SSR]
    ./src/components/chat/ChatInterface.tsx [Client Component SSR]
    ./src/app/main-content.tsx [Client Component SSR]
    ./src/app/main-content.tsx [Server Component]
    ./src/app/page.tsx [Server Component] @ http://localhost:3000/_next/static/chunks/node_modules_next_dist_b0daae9a._.js:2359
[  235887ms] [ERROR] ./src/components/chat/MessageList.tsx:87:34
Parsing ecmascript source code failed
  85 |                           case "step-start":
  86 |                             return partIndex > 0 ? <hr key={partIndex} className="my-3 border-neutral-200" /> : null;
> 87 |                           default:
     |                                  ^
  88 |                             return null;
  89 |                         }
  90 |                       })}

Expected '</', got ':'

Import traces:
  Client Component Browser:
    ./src/components/chat/MessageList.tsx [Client Component Browser]
    ./src/components/chat/ChatInterface.tsx [Client Component Browser]
    ./src/app/main-content.tsx [Client Component Browser]
    ./src/app/main-content.tsx [Server Component]
    ./src/app/page.tsx [Server Component]

  Client Component SSR:
    ./src/components/chat/MessageList.tsx [Client Component SSR]
    ./src/components/chat/ChatInterface.tsx [Client Component SSR]
    ./src/app/main-content.tsx [Client Component SSR]
    ./src/app/main-content.tsx [Server Component]
    ./src/app/page.tsx [Server Component] @ http://localhost:3000/_next/static/chunks/node_modules_next_dist_b0daae9a._.js:2359
[  235937ms] [ERROR] ./src/components/chat/MessageList.tsx:87:34
Parsing ecmascript source code failed
  85 |                           case "step-start":
  86 |                             return partIndex > 0 ? <hr key={partIndex} className="my-3 border-neutral-200" /> : null;
> 87 |                           default:
     |                                  ^
  88 |                             return null;
  89 |                         }
  90 |                       })}

Expected '</', got ':'

Import traces:
  Client Component Browser:
    ./src/components/chat/MessageList.tsx [Client Component Browser]
    ./src/components/chat/ChatInterface.tsx [Client Component Browser]
    ./src/app/main-content.tsx [Client Component Browser]
    ./src/app/main-content.tsx [Server Component]
    ./src/app/page.tsx [Server Component]

  Client Component SSR:
    ./src/components/chat/MessageList.tsx [Client Component SSR]
    ./src/components/chat/ChatInterface.tsx [Client Component SSR]
    ./src/app/main-content.tsx [Client Component SSR]
    ./src/app/main-content.tsx [Server Component]
    ./src/app/page.tsx [Server Component] @ http://localhost:3000/_next/static/chunks/node_modules_next_dist_b0daae9a._.js:2359
[  236000ms] [ERROR] ./src/components/chat/MessageList.tsx:87:34
Parsing ecmascript source code failed
  85 |                           case "step-start":
  86 |                             return partIndex > 0 ? <hr key={partIndex} className="my-3 border-neutral-200" /> : null;
> 87 |                           default:
     |                                  ^
  88 |                             return null;
  89 |                         }
  90 |                       })}

Expected '</', got ':'

Import traces:
  Client Component Browser:
    ./src/components/chat/MessageList.tsx [Client Component Browser]
    ./src/components/chat/ChatInterface.tsx [Client Component Browser]
    ./src/app/main-content.tsx [Client Component Browser]
    ./src/app/main-content.tsx [Server Component]
    ./src/app/page.tsx [Server Component]

  Client Component SSR:
    ./src/components/chat/MessageList.tsx [Client Component SSR]
    ./src/components/chat/ChatInterface.tsx [Client Component SSR]
    ./src/app/main-content.tsx [Client Component SSR]
    ./src/app/main-content.tsx [Server Component]
    ./src/app/page.tsx [Server Component] @ http://localhost:3000/_next/static/chunks/node_modules_next_dist_b0daae9a._.js:2359
[  236064ms] [ERROR] ./src/components/chat/MessageList.tsx:87:34
Parsing ecmascript source code failed
  85 |                           case "step-start":
  86 |                             return partIndex > 0 ? <hr key={partIndex} className="my-3 border-neutral-200" /> : null;
> 87 |                           default:
     |                                  ^
  88 |                             return null;
  89 |                         }
  90 |                       })}

Expected '</', got ':'

Import traces:
  Client Component Browser:
    ./src/components/chat/MessageList.tsx [Client Component Browser]
    ./src/components/chat/ChatInterface.tsx [Client Component Browser]
    ./src/app/main-content.tsx [Client Component Browser]
    ./src/app/main-content.tsx [Server Component]
    ./src/app/page.tsx [Server Component]

  Client Component SSR:
    ./src/components/chat/MessageList.tsx [Client Component SSR]
    ./src/components/chat/ChatInterface.tsx [Client Component SSR]
    ./src/app/main-content.tsx [Client Component SSR]
    ./src/app/main-content.tsx [Server Component]
    ./src/app/page.tsx [Server Component] @ http://localhost:3000/_next/static/chunks/node_modules_next_dist_b0daae9a._.js:2359
[  236128ms] [ERROR] ./src/components/chat/MessageList.tsx:87:34
Parsing ecmascript source code failed
  85 |                           case "step-start":
  86 |                             return partIndex > 0 ? <hr key={partIndex} className="my-3 border-neutral-200" /> : null;
> 87 |                           default:
     |                                  ^
  88 |                             return null;
  89 |                         }
  90 |                       })}

Expected '</', got ':'

Import traces:
  Client Component Browser:
    ./src/components/chat/MessageList.tsx [Client Component Browser]
    ./src/components/chat/ChatInterface.tsx [Client Component Browser]
    ./src/app/main-content.tsx [Client Component Browser]
    ./src/app/main-content.tsx [Server Component]
    ./src/app/page.tsx [Server Component]

  Client Component SSR:
    ./src/components/chat/MessageList.tsx [Client Component SSR]
    ./src/components/chat/ChatInterface.tsx [Client Component SSR]
    ./src/app/main-content.tsx [Client Component SSR]
    ./src/app/main-content.tsx [Server Component]
    ./src/app/page.tsx [Server Component] @ http://localhost:3000/_next/static/chunks/node_modules_next_dist_b0daae9a._.js:2359
[  236192ms] [ERROR] ./src/components/chat/MessageList.tsx:87:34
Parsing ecmascript source code failed
  85 |                           case "step-start":
  86 |                             return partIndex > 0 ? <hr key={partIndex} className="my-3 border-neutral-200" /> : null;
> 87 |                           default:
     |                                  ^
  88 |                             return null;
  89 |                         }
  90 |                       })}

Expected '</', got ':'

Import traces:
  Client Component Browser:
    ./src/components/chat/MessageList.tsx [Client Component Browser]
    ./src/components/chat/ChatInterface.tsx [Client Component Browser]
    ./src/app/main-content.tsx [Client Component Browser]
    ./src/app/main-content.tsx [Server Component]
    ./src/app/page.tsx [Server Component]

  Client Component SSR:
    ./src/components/chat/MessageList.tsx [Client Component SSR]
    ./src/components/chat/ChatInterface.tsx [Client Component SSR]
    ./src/app/main-content.tsx [Client Component SSR]
    ./src/app/main-content.tsx [Server Component]
    ./src/app/page.tsx [Server Component] @ http://localhost:3000/_next/static/chunks/node_modules_next_dist_b0daae9a._.js:2359
[  236254ms] [ERROR] ./src/components/chat/MessageList.tsx:87:34
Parsing ecmascript source code failed
  85 |                           case "step-start":
  86 |                             return partIndex > 0 ? <hr key={partIndex} className="my-3 border-neutral-200" /> : null;
> 87 |                           default:
     |                                  ^
  88 |                             return null;
  89 |                         }
  90 |                       })}

Expected '</', got ':'

Import traces:
  Client Component Browser:
    ./src/components/chat/MessageList.tsx [Client Component Browser]
    ./src/components/chat/ChatInterface.tsx [Client Component Browser]
    ./src/app/main-content.tsx [Client Component Browser]
    ./src/app/main-content.tsx [Server Component]
    ./src/app/page.tsx [Server Component]

  Client Component SSR:
    ./src/components/chat/MessageList.tsx [Client Component SSR]
    ./src/components/chat/ChatInterface.tsx [Client Component SSR]
    ./src/app/main-content.tsx [Client Component SSR]
    ./src/app/main-content.tsx [Server Component]
    ./src/app/page.tsx [Server Component] @ http://localhost:3000/_next/static/chunks/node_modules_next_dist_b0daae9a._.js:2359
[  236317ms] [ERROR] ./src/components/chat/MessageList.tsx:87:34
Parsing ecmascript source code failed
  85 |                           case "step-start":
  86 |                             return partIndex > 0 ? <hr key={partIndex} className="my-3 border-neutral-200" /> : null;
> 87 |                           default:
     |                                  ^
  88 |                             return null;
  89 |                         }
  90 |                       })}

Expected '</', got ':'

Import traces:
  Client Component Browser:
    ./src/components/chat/MessageList.tsx [Client Component Browser]
    ./src/components/chat/ChatInterface.tsx [Client Component Browser]
    ./src/app/main-content.tsx [Client Component Browser]
    ./src/app/main-content.tsx [Server Component]
    ./src/app/page.tsx [Server Component]

  Client Component SSR:
    ./src/components/chat/MessageList.tsx [Client Component SSR]
    ./src/components/chat/ChatInterface.tsx [Client Component SSR]
    ./src/app/main-content.tsx [Client Component SSR]
    ./src/app/main-content.tsx [Server Component]
    ./src/app/page.tsx [Server Component] @ http://localhost:3000/_next/static/chunks/node_modules_next_dist_b0daae9a._.js:2359
[  236371ms] [ERROR] ./src/components/chat/MessageList.tsx:87:34
Parsing ecmascript source code failed
  85 |                           case "step-start":
  86 |                             return partIndex > 0 ? <hr key={partIndex} className="my-3 border-neutral-200" /> : null;
> 87 |                           default:
     |                                  ^
  88 |                             return null;
  89 |                         }
  90 |                       })}

Expected '</', got ':'

Import traces:
  Client Component Browser:
    ./src/components/chat/MessageList.tsx [Client Component Browser]
    ./src/components/chat/ChatInterface.tsx [Client Component Browser]
    ./src/app/main-content.tsx [Client Component Browser]
    ./src/app/main-content.tsx [Server Component]
    ./src/app/page.tsx [Server Component]

  Client Component SSR:
    ./src/components/chat/MessageList.tsx [Client Component SSR]
    ./src/components/chat/ChatInterface.tsx [Client Component SSR]
    ./src/app/main-content.tsx [Client Component SSR]
    ./src/app/main-content.tsx [Server Component]
    ./src/app/page.tsx [Server Component] @ http://localhost:3000/_next/static/chunks/node_modules_next_dist_b0daae9a._.js:2359
[  236421ms] [ERROR] ./src/components/chat/MessageList.tsx:87:34
Parsing ecmascript source code failed
  85 |                           case "step-start":
  86 |                             return partIndex > 0 ? <hr key={partIndex} className="my-3 border-neutral-200" /> : null;
> 87 |                           default:
     |                                  ^
  88 |                             return null;
  89 |                         }
  90 |                       })}

Expected '</', got ':'

Import traces:
  Client Component Browser:
    ./src/components/chat/MessageList.tsx [Client Component Browser]
    ./src/components/chat/ChatInterface.tsx [Client Component Browser]
    ./src/app/main-content.tsx [Client Component Browser]
    ./src/app/main-content.tsx [Server Component]
    ./src/app/page.tsx [Server Component]

  Client Component SSR:
    ./src/components/chat/MessageList.tsx [Client Component SSR]
    ./src/components/chat/ChatInterface.tsx [Client Component SSR]
    ./src/app/main-content.tsx [Client Component SSR]
    ./src/app/main-content.tsx [Server Component]
    ./src/app/page.tsx [Server Component] @ http://localhost:3000/_next/static/chunks/node_modules_next_dist_b0daae9a._.js:2359
[  236483ms] [ERROR] ./src/components/chat/MessageList.tsx:87:34
Parsing ecmascript source code failed
  85 |                           case "step-start":
  86 |                             return partIndex > 0 ? <hr key={partIndex} className="my-3 border-neutral-200" /> : null;
> 87 |                           default:
     |                                  ^
  88 |                             return null;
  89 |                         }
  90 |                       })}

Expected '</', got ':'

Import traces:
  Client Component Browser:
    ./src/components/chat/MessageList.tsx [Client Component Browser]
    ./src/components/chat/ChatInterface.tsx [Client Component Browser]
    ./src/app/main-content.tsx [Client Component Browser]
    ./src/app/main-content.tsx [Server Component]
    ./src/app/page.tsx [Server Component]

  Client Component SSR:
    ./src/components/chat/MessageList.tsx [Client Component SSR]
    ./src/components/chat/ChatInterface.tsx [Client Component SSR]
    ./src/app/main-content.tsx [Client Component SSR]
    ./src/app/main-content.tsx [Server Component]
    ./src/app/page.tsx [Server Component] @ http://localhost:3000/_next/static/chunks/node_modules_next_dist_b0daae9a._.js:2359
[  236538ms] [ERROR] ./src/components/chat/MessageList.tsx:87:34
Parsing ecmascript source code failed
  85 |                           case "step-start":
  86 |                             return partIndex > 0 ? <hr key={partIndex} className="my-3 border-neutral-200" /> : null;
> 87 |                           default:
     |                                  ^
  88 |                             return null;
  89 |                         }
  90 |                       })}

Expected '</', got ':'

Import traces:
  Client Component Browser:
    ./src/components/chat/MessageList.tsx [Client Component Browser]
    ./src/components/chat/ChatInterface.tsx [Client Component Browser]
    ./src/app/main-content.tsx [Client Component Browser]
    ./src/app/main-content.tsx [Server Component]
    ./src/app/page.tsx [Server Component]

  Client Component SSR:
    ./src/components/chat/MessageList.tsx [Client Component SSR]
    ./src/components/chat/ChatInterface.tsx [Client Component SSR]
    ./src/app/main-content.tsx [Client Component SSR]
    ./src/app/main-content.tsx [Server Component]
    ./src/app/page.tsx [Server Component] @ http://localhost:3000/_next/static/chunks/node_modules_next_dist_b0daae9a._.js:2359
[  236586ms] [ERROR] ./src/components/chat/MessageList.tsx:87:34
Parsing ecmascript source code failed
  85 |                           case "step-start":
  86 |                             return partIndex > 0 ? <hr key={partIndex} className="my-3 border-neutral-200" /> : null;
> 87 |                           default:
     |                                  ^
  88 |                             return null;
  89 |                         }
  90 |                       })}

Expected '</', got ':'

Import traces:
  Client Component Browser:
    ./src/components/chat/MessageList.tsx [Client Component Browser]
    ./src/components/chat/ChatInterface.tsx [Client Component Browser]
    ./src/app/main-content.tsx [Client Component Browser]
    ./src/app/main-content.tsx [Server Component]
    ./src/app/page.tsx [Server Component]

  Client Component SSR:
    ./src/components/chat/MessageList.tsx [Client Component SSR]
    ./src/components/chat/ChatInterface.tsx [Client Component SSR]
    ./src/app/main-content.tsx [Client Component SSR]
    ./src/app/main-content.tsx [Server Component]
    ./src/app/page.tsx [Server Component] @ http://localhost:3000/_next/static/chunks/node_modules_next_dist_b0daae9a._.js:2359
[  236626ms] [ERROR] ./src/components/chat/MessageList.tsx:87:34
Parsing ecmascript source code failed
  85 |                           case "step-start":
  86 |                             return partIndex > 0 ? <hr key={partIndex} className="my-3 border-neutral-200" /> : null;
> 87 |                           default:
     |                                  ^
  88 |                             return null;
  89 |                         }
  90 |                       })}

Expected '</', got ':'

Import traces:
  Client Component Browser:
    ./src/components/chat/MessageList.tsx [Client Component Browser]
    ./src/components/chat/ChatInterface.tsx [Client Component Browser]
    ./src/app/main-content.tsx [Client Component Browser]
    ./src/app/main-content.tsx [Server Component]
    ./src/app/page.tsx [Server Component]

  Client Component SSR:
    ./src/components/chat/MessageList.tsx [Client Component SSR]
    ./src/components/chat/ChatInterface.tsx [Client Component SSR]
    ./src/app/main-content.tsx [Client Component SSR]
    ./src/app/main-content.tsx [Server Component]
    ./src/app/page.tsx [Server Component] @ http://localhost:3000/_next/static/chunks/node_modules_next_dist_b0daae9a._.js:2359
[  236676ms] [ERROR] ./src/components/chat/MessageList.tsx:87:34
Parsing ecmascript source code failed
  85 |                           case "step-start":
  86 |                             return partIndex > 0 ? <hr key={partIndex} className="my-3 border-neutral-200" /> : null;
> 87 |                           default:
     |                                  ^
  88 |                             return null;
  89 |                         }
  90 |                       })}

Expected '</', got ':'

Import traces:
  Client Component Browser:
    ./src/components/chat/MessageList.tsx [Client Component Browser]
    ./src/components/chat/ChatInterface.tsx [Client Component Browser]
    ./src/app/main-content.tsx [Client Component Browser]
    ./src/app/main-content.tsx [Server Component]
    ./src/app/page.tsx [Server Component]

  Client Component SSR:
    ./src/components/chat/MessageList.tsx [Client Component SSR]
    ./src/components/chat/ChatInterface.tsx [Client Component SSR]
    ./src/app/main-content.tsx [Client Component SSR]
    ./src/app/main-content.tsx [Server Component]
    ./src/app/page.tsx [Server Component] @ http://localhost:3000/_next/static/chunks/node_modules_next_dist_b0daae9a._.js:2359
[  236738ms] [ERROR] ./src/components/chat/MessageList.tsx:87:34
Parsing ecmascript source code failed
  85 |                           case "step-start":
  86 |                             return partIndex > 0 ? <hr key={partIndex} className="my-3 border-neutral-200" /> : null;
> 87 |                           default:
     |                                  ^
  88 |                             return null;
  89 |                         }
  90 |                       })}

Expected '</', got ':'

Import traces:
  Client Component Browser:
    ./src/components/chat/MessageList.tsx [Client Component Browser]
    ./src/components/chat/ChatInterface.tsx [Client Component Browser]
    ./src/app/main-content.tsx [Client Component Browser]
    ./src/app/main-content.tsx [Server Component]
    ./src/app/page.tsx [Server Component]

  Client Component SSR:
    ./src/components/chat/MessageList.tsx [Client Component SSR]
    ./src/components/chat/ChatInterface.tsx [Client Component SSR]
    ./src/app/main-content.tsx [Client Component SSR]
    ./src/app/main-content.tsx [Server Component]
    ./src/app/page.tsx [Server Component] @ http://localhost:3000/_next/static/chunks/node_modules_next_dist_b0daae9a._.js:2359
[  236801ms] [ERROR] ./src/components/chat/MessageList.tsx:87:34
Parsing ecmascript source code failed
  85 |                           case "step-start":
  86 |                             return partIndex > 0 ? <hr key={partIndex} className="my-3 border-neutral-200" /> : null;
> 87 |                           default:
     |                                  ^
  88 |                             return null;
  89 |                         }
  90 |                       })}

Expected '</', got ':'

Import traces:
  Client Component Browser:
    ./src/components/chat/MessageList.tsx [Client Component Browser]
    ./src/components/chat/ChatInterface.tsx [Client Component Browser]
    ./src/app/main-content.tsx [Client Component Browser]
    ./src/app/main-content.tsx [Server Component]
    ./src/app/page.tsx [Server Component]

  Client Component SSR:
    ./src/components/chat/MessageList.tsx [Client Component SSR]
    ./src/components/chat/ChatInterface.tsx [Client Component SSR]
    ./src/app/main-content.tsx [Client Component SSR]
    ./src/app/main-content.tsx [Server Component]
    ./src/app/page.tsx [Server Component] @ http://localhost:3000/_next/static/chunks/node_modules_next_dist_b0daae9a._.js:2359
[  236866ms] [ERROR] ./src/components/chat/MessageList.tsx:87:34
Parsing ecmascript source code failed
  85 |                           case "step-start":
  86 |                             return partIndex > 0 ? <hr key={partIndex} className="my-3 border-neutral-200" /> : null;
> 87 |                           default:
     |                                  ^
  88 |                             return null;
  89 |                         }
  90 |                       })}

Expected '</', got ':'

Import traces:
  Client Component Browser:
    ./src/components/chat/MessageList.tsx [Client Component Browser]
    ./src/components/chat/ChatInterface.tsx [Client Component Browser]
    ./src/app/main-content.tsx [Client Component Browser]
    ./src/app/main-content.tsx [Server Component]
    ./src/app/page.tsx [Server Component]

  Client Component SSR:
    ./src/components/chat/MessageList.tsx [Client Component SSR]
    ./src/components/chat/ChatInterface.tsx [Client Component SSR]
    ./src/app/main-content.tsx [Client Component SSR]
    ./src/app/main-content.tsx [Server Component]
    ./src/app/page.tsx [Server Component] @ http://localhost:3000/_next/static/chunks/node_modules_next_dist_b0daae9a._.js:2359
[  236929ms] [ERROR] ./src/components/chat/MessageList.tsx:87:34
Parsing ecmascript source code failed
  85 |                           case "step-start":
  86 |                             return partIndex > 0 ? <hr key={partIndex} className="my-3 border-neutral-200" /> : null;
> 87 |                           default:
     |                                  ^
  88 |                             return null;
  89 |                         }
  90 |                       })}

Expected '</', got ':'

Import traces:
  Client Component Browser:
    ./src/components/chat/MessageList.tsx [Client Component Browser]
    ./src/components/chat/ChatInterface.tsx [Client Component Browser]
    ./src/app/main-content.tsx [Client Component Browser]
    ./src/app/main-content.tsx [Server Component]
    ./src/app/page.tsx [Server Component]

  Client Component SSR:
    ./src/components/chat/MessageList.tsx [Client Component SSR]
    ./src/components/chat/ChatInterface.tsx [Client Component SSR]
    ./src/app/main-content.tsx [Client Component SSR]
    ./src/app/main-content.tsx [Server Component]
    ./src/app/page.tsx [Server Component] @ http://localhost:3000/_next/static/chunks/node_modules_next_dist_b0daae9a._.js:2359
[  236976ms] [ERROR] ./src/components/chat/MessageList.tsx:87:34
Parsing ecmascript source code failed
  85 |                           case "step-start":
  86 |                             return partIndex > 0 ? <hr key={partIndex} className="my-3 border-neutral-200" /> : null;
> 87 |                           default:
     |                                  ^
  88 |                             return null;
  89 |                         }
  90 |                       })}

Expected '</', got ':'

Import traces:
  Client Component Browser:
    ./src/components/chat/MessageList.tsx [Client Component Browser]
    ./src/components/chat/ChatInterface.tsx [Client Component Browser]
    ./src/app/main-content.tsx [Client Component Browser]
    ./src/app/main-content.tsx [Server Component]
    ./src/app/page.tsx [Server Component]

  Client Component SSR:
    ./src/components/chat/MessageList.tsx [Client Component SSR]
    ./src/components/chat/ChatInterface.tsx [Client Component SSR]
    ./src/app/main-content.tsx [Client Component SSR]
    ./src/app/main-content.tsx [Server Component]
    ./src/app/page.tsx [Server Component] @ http://localhost:3000/_next/static/chunks/node_modules_next_dist_b0daae9a._.js:2359
[  237039ms] [ERROR] ./src/components/chat/MessageList.tsx:87:34
Parsing ecmascript source code failed
  85 |                           case "step-start":
  86 |                             return partIndex > 0 ? <hr key={partIndex} className="my-3 border-neutral-200" /> : null;
> 87 |                           default:
     |                                  ^
  88 |                             return null;
  89 |                         }
  90 |                       })}

Expected '</', got ':'

Import traces:
  Client Component Browser:
    ./src/components/chat/MessageList.tsx [Client Component Browser]
    ./src/components/chat/ChatInterface.tsx [Client Component Browser]
    ./src/app/main-content.tsx [Client Component Browser]
    ./src/app/main-content.tsx [Server Component]
    ./src/app/page.tsx [Server Component]

  Client Component SSR:
    ./src/components/chat/MessageList.tsx [Client Component SSR]
    ./src/components/chat/ChatInterface.tsx [Client Component SSR]
    ./src/app/main-content.tsx [Client Component SSR]
    ./src/app/main-content.tsx [Server Component]
    ./src/app/page.tsx [Server Component] @ http://localhost:3000/_next/static/chunks/node_modules_next_dist_b0daae9a._.js:2359
[  237102ms] [ERROR] ./src/components/chat/MessageList.tsx:87:34
Parsing ecmascript source code failed
  85 |                           case "step-start":
  86 |                             return partIndex > 0 ? <hr key={partIndex} className="my-3 border-neutral-200" /> : null;
> 87 |                           default:
     |                                  ^
  88 |                             return null;
  89 |                         }
  90 |                       })}

Expected '</', got ':'

Import traces:
  Client Component Browser:
    ./src/components/chat/MessageList.tsx [Client Component Browser]
    ./src/components/chat/ChatInterface.tsx [Client Component Browser]
    ./src/app/main-content.tsx [Client Component Browser]
    ./src/app/main-content.tsx [Server Component]
    ./src/app/page.tsx [Server Component]

  Client Component SSR:
    ./src/components/chat/MessageList.tsx [Client Component SSR]
    ./src/components/chat/ChatInterface.tsx [Client Component SSR]
    ./src/app/main-content.tsx [Client Component SSR]
    ./src/app/main-content.tsx [Server Component]
    ./src/app/page.tsx [Server Component] @ http://localhost:3000/_next/static/chunks/node_modules_next_dist_b0daae9a._.js:2359
[  237150ms] [ERROR] ./src/components/chat/MessageList.tsx:87:34
Parsing ecmascript source code failed
  85 |                           case "step-start":
  86 |                             return partIndex > 0 ? <hr key={partIndex} className="my-3 border-neutral-200" /> : null;
> 87 |                           default:
     |                                  ^
  88 |                             return null;
  89 |                         }
  90 |                       })}

Expected '</', got ':'

Import traces:
  Client Component Browser:
    ./src/components/chat/MessageList.tsx [Client Component Browser]
    ./src/components/chat/ChatInterface.tsx [Client Component Browser]
    ./src/app/main-content.tsx [Client Component Browser]
    ./src/app/main-content.tsx [Server Component]
    ./src/app/page.tsx [Server Component]

  Client Component SSR:
    ./src/components/chat/MessageList.tsx [Client Component SSR]
    ./src/components/chat/ChatInterface.tsx [Client Component SSR]
    ./src/app/main-content.tsx [Client Component SSR]
    ./src/app/main-content.tsx [Server Component]
    ./src/app/page.tsx [Server Component] @ http://localhost:3000/_next/static/chunks/node_modules_next_dist_b0daae9a._.js:2359
[  237213ms] [ERROR] ./src/components/chat/MessageList.tsx:87:34
Parsing ecmascript source code failed
  85 |                           case "step-start":
  86 |                             return partIndex > 0 ? <hr key={partIndex} className="my-3 border-neutral-200" /> : null;
> 87 |                           default:
     |                                  ^
  88 |                             return null;
  89 |                         }
  90 |                       })}

Expected '</', got ':'

Import traces:
  Client Component Browser:
    ./src/components/chat/MessageList.tsx [Client Component Browser]
    ./src/components/chat/ChatInterface.tsx [Client Component Browser]
    ./src/app/main-content.tsx [Client Component Browser]
    ./src/app/main-content.tsx [Server Component]
    ./src/app/page.tsx [Server Component]

  Client Component SSR:
    ./src/components/chat/MessageList.tsx [Client Component SSR]
    ./src/components/chat/ChatInterface.tsx [Client Component SSR]
    ./src/app/main-content.tsx [Client Component SSR]
    ./src/app/main-content.tsx [Server Component]
    ./src/app/page.tsx [Server Component] @ http://localhost:3000/_next/static/chunks/node_modules_next_dist_b0daae9a._.js:2359
[  237278ms] [ERROR] ./src/components/chat/MessageList.tsx:87:34
Parsing ecmascript source code failed
  85 |                           case "step-start":
  86 |                             return partIndex > 0 ? <hr key={partIndex} className="my-3 border-neutral-200" /> : null;
> 87 |                           default:
     |                                  ^
  88 |                             return null;
  89 |                         }
  90 |                       })}

Expected '</', got ':'

Import traces:
  Client Component Browser:
    ./src/components/chat/MessageList.tsx [Client Component Browser]
    ./src/components/chat/ChatInterface.tsx [Client Component Browser]
    ./src/app/main-content.tsx [Client Component Browser]
    ./src/app/main-content.tsx [Server Component]
    ./src/app/page.tsx [Server Component]

  Client Component SSR:
    ./src/components/chat/MessageList.tsx [Client Component SSR]
    ./src/components/chat/ChatInterface.tsx [Client Component SSR]
    ./src/app/main-content.tsx [Client Component SSR]
    ./src/app/main-content.tsx [Server Component]
    ./src/app/page.tsx [Server Component] @ http://localhost:3000/_next/static/chunks/node_modules_next_dist_b0daae9a._.js:2359
[  237339ms] [ERROR] ./src/components/chat/MessageList.tsx:87:34
Parsing ecmascript source code failed
  85 |                           case "step-start":
  86 |                             return partIndex > 0 ? <hr key={partIndex} className="my-3 border-neutral-200" /> : null;
> 87 |                           default:
     |                                  ^
  88 |                             return null;
  89 |                         }
  90 |                       })}

Expected '</', got ':'

Import traces:
  Client Component Browser:
    ./src/components/chat/MessageList.tsx [Client Component Browser]
    ./src/components/chat/ChatInterface.tsx [Client Component Browser]
    ./src/app/main-content.tsx [Client Component Browser]
    ./src/app/main-content.tsx [Server Component]
    ./src/app/page.tsx [Server Component]

  Client Component SSR:
    ./src/components/chat/MessageList.tsx [Client Component SSR]
    ./src/components/chat/ChatInterface.tsx [Client Component SSR]
    ./src/app/main-content.tsx [Client Component SSR]
    ./src/app/main-content.tsx [Server Component]
    ./src/app/page.tsx [Server Component] @ http://localhost:3000/_next/static/chunks/node_modules_next_dist_b0daae9a._.js:2359
[  237390ms] [ERROR] ./src/components/chat/MessageList.tsx:87:34
Parsing ecmascript source code failed
  85 |                           case "step-start":
  86 |                             return partIndex > 0 ? <hr key={partIndex} className="my-3 border-neutral-200" /> : null;
> 87 |                           default:
     |                                  ^
  88 |                             return null;
  89 |                         }
  90 |                       })}

Expected '</', got ':'

Import traces:
  Client Component Browser:
    ./src/components/chat/MessageList.tsx [Client Component Browser]
    ./src/components/chat/ChatInterface.tsx [Client Component Browser]
    ./src/app/main-content.tsx [Client Component Browser]
    ./src/app/main-content.tsx [Server Component]
    ./src/app/page.tsx [Server Component]

  Client Component SSR:
    ./src/components/chat/MessageList.tsx [Client Component SSR]
    ./src/components/chat/ChatInterface.tsx [Client Component SSR]
    ./src/app/main-content.tsx [Client Component SSR]
    ./src/app/main-content.tsx [Server Component]
    ./src/app/page.tsx [Server Component] @ http://localhost:3000/_next/static/chunks/node_modules_next_dist_b0daae9a._.js:2359
[  237438ms] [ERROR] ./src/components/chat/MessageList.tsx:87:34
Parsing ecmascript source code failed
  85 |                           case "step-start":
  86 |                             return partIndex > 0 ? <hr key={partIndex} className="my-3 border-neutral-200" /> : null;
> 87 |                           default:
     |                                  ^
  88 |                             return null;
  89 |                         }
  90 |                       })}

Expected '</', got ':'

Import traces:
  Client Component Browser:
    ./src/components/chat/MessageList.tsx [Client Component Browser]
    ./src/components/chat/ChatInterface.tsx [Client Component Browser]
    ./src/app/main-content.tsx [Client Component Browser]
    ./src/app/main-content.tsx [Server Component]
    ./src/app/page.tsx [Server Component]

  Client Component SSR:
    ./src/components/chat/MessageList.tsx [Client Component SSR]
    ./src/components/chat/ChatInterface.tsx [Client Component SSR]
    ./src/app/main-content.tsx [Client Component SSR]
    ./src/app/main-content.tsx [Server Component]
    ./src/app/page.tsx [Server Component] @ http://localhost:3000/_next/static/chunks/node_modules_next_dist_b0daae9a._.js:2359
[  237502ms] [ERROR] ./src/components/chat/MessageList.tsx:87:34
Parsing ecmascript source code failed
  85 |                           case "step-start":
  86 |                             return partIndex > 0 ? <hr key={partIndex} className="my-3 border-neutral-200" /> : null;
> 87 |                           default:
     |                                  ^
  88 |                             return null;
  89 |                         }
  90 |                       })}

Expected '</', got ':'

Import traces:
  Client Component Browser:
    ./src/components/chat/MessageList.tsx [Client Component Browser]
    ./src/components/chat/ChatInterface.tsx [Client Component Browser]
    ./src/app/main-content.tsx [Client Component Browser]
    ./src/app/main-content.tsx [Server Component]
    ./src/app/page.tsx [Server Component]

  Client Component SSR:
    ./src/components/chat/MessageList.tsx [Client Component SSR]
    ./src/components/chat/ChatInterface.tsx [Client Component SSR]
    ./src/app/main-content.tsx [Client Component SSR]
    ./src/app/main-content.tsx [Server Component]
    ./src/app/page.tsx [Server Component] @ http://localhost:3000/_next/static/chunks/node_modules_next_dist_b0daae9a._.js:2359
[  237567ms] [ERROR] ./src/components/chat/MessageList.tsx:87:34
Parsing ecmascript source code failed
  85 |                           case "step-start":
  86 |                             return partIndex > 0 ? <hr key={partIndex} className="my-3 border-neutral-200" /> : null;
> 87 |                           default:
     |                                  ^
  88 |                             return null;
  89 |                         }
  90 |                       })}

Expected '</', got ':'

Import traces:
  Client Component Browser:
    ./src/components/chat/MessageList.tsx [Client Component Browser]
    ./src/components/chat/ChatInterface.tsx [Client Component Browser]
    ./src/app/main-content.tsx [Client Component Browser]
    ./src/app/main-content.tsx [Server Component]
    ./src/app/page.tsx [Server Component]

  Client Component SSR:
    ./src/components/chat/MessageList.tsx [Client Component SSR]
    ./src/components/chat/ChatInterface.tsx [Client Component SSR]
    ./src/app/main-content.tsx [Client Component SSR]
    ./src/app/main-content.tsx [Server Component]
    ./src/app/page.tsx [Server Component] @ http://localhost:3000/_next/static/chunks/node_modules_next_dist_b0daae9a._.js:2359
[  237618ms] [ERROR] ./src/components/chat/MessageList.tsx:87:34
Parsing ecmascript source code failed
  85 |                           case "step-start":
  86 |                             return partIndex > 0 ? <hr key={partIndex} className="my-3 border-neutral-200" /> : null;
> 87 |                           default:
     |                                  ^
  88 |                             return null;
  89 |                         }
  90 |                       })}

Expected '</', got ':'

Import traces:
  Client Component Browser:
    ./src/components/chat/MessageList.tsx [Client Component Browser]
    ./src/components/chat/ChatInterface.tsx [Client Component Browser]
    ./src/app/main-content.tsx [Client Component Browser]
    ./src/app/main-content.tsx [Server Component]
    ./src/app/page.tsx [Server Component]

  Client Component SSR:
    ./src/components/chat/MessageList.tsx [Client Component SSR]
    ./src/components/chat/ChatInterface.tsx [Client Component SSR]
    ./src/app/main-content.tsx [Client Component SSR]
    ./src/app/main-content.tsx [Server Component]
    ./src/app/page.tsx [Server Component] @ http://localhost:3000/_next/static/chunks/node_modules_next_dist_b0daae9a._.js:2359
[  237663ms] [ERROR] ./src/components/chat/MessageList.tsx:87:34
Parsing ecmascript source code failed
  85 |                           case "step-start":
  86 |                             return partIndex > 0 ? <hr key={partIndex} className="my-3 border-neutral-200" /> : null;
> 87 |                           default:
     |                                  ^
  88 |                             return null;
  89 |                         }
  90 |                       })}

Expected '</', got ':'

Import traces:
  Client Component Browser:
    ./src/components/chat/MessageList.tsx [Client Component Browser]
    ./src/components/chat/ChatInterface.tsx [Client Component Browser]
    ./src/app/main-content.tsx [Client Component Browser]
    ./src/app/main-content.tsx [Server Component]
    ./src/app/page.tsx [Server Component]

  Client Component SSR:
    ./src/components/chat/MessageList.tsx [Client Component SSR]
    ./src/components/chat/ChatInterface.tsx [Client Component SSR]
    ./src/app/main-content.tsx [Client Component SSR]
    ./src/app/main-content.tsx [Server Component]
    ./src/app/page.tsx [Server Component] @ http://localhost:3000/_next/static/chunks/node_modules_next_dist_b0daae9a._.js:2359
[  237727ms] [ERROR] ./src/components/chat/MessageList.tsx:87:34
Parsing ecmascript source code failed
  85 |                           case "step-start":
  86 |                             return partIndex > 0 ? <hr key={partIndex} className="my-3 border-neutral-200" /> : null;
> 87 |                           default:
     |                                  ^
  88 |                             return null;
  89 |                         }
  90 |                       })}

Expected '</', got ':'

Import traces:
  Client Component Browser:
    ./src/components/chat/MessageList.tsx [Client Component Browser]
    ./src/components/chat/ChatInterface.tsx [Client Component Browser]
    ./src/app/main-content.tsx [Client Component Browser]
    ./src/app/main-content.tsx [Server Component]
    ./src/app/page.tsx [Server Component]

  Client Component SSR:
    ./src/components/chat/MessageList.tsx [Client Component SSR]
    ./src/components/chat/ChatInterface.tsx [Client Component SSR]
    ./src/app/main-content.tsx [Client Component SSR]
    ./src/app/main-content.tsx [Server Component]
    ./src/app/page.tsx [Server Component] @ http://localhost:3000/_next/static/chunks/node_modules_next_dist_b0daae9a._.js:2359
[  237775ms] [ERROR] ./src/components/chat/MessageList.tsx:87:34
Parsing ecmascript source code failed
  85 |                           case "step-start":
  86 |                             return partIndex > 0 ? <hr key={partIndex} className="my-3 border-neutral-200" /> : null;
> 87 |                           default:
     |                                  ^
  88 |                             return null;
  89 |                         }
  90 |                       })}

Expected '</', got ':'

Import traces:
  Client Component Browser:
    ./src/components/chat/MessageList.tsx [Client Component Browser]
    ./src/components/chat/ChatInterface.tsx [Client Component Browser]
    ./src/app/main-content.tsx [Client Component Browser]
    ./src/app/main-content.tsx [Server Component]
    ./src/app/page.tsx [Server Component]

  Client Component SSR:
    ./src/components/chat/MessageList.tsx [Client Component SSR]
    ./src/components/chat/ChatInterface.tsx [Client Component SSR]
    ./src/app/main-content.tsx [Client Component SSR]
    ./src/app/main-content.tsx [Server Component]
    ./src/app/page.tsx [Server Component] @ http://localhost:3000/_next/static/chunks/node_modules_next_dist_b0daae9a._.js:2359
[  237839ms] [ERROR] ./src/components/chat/MessageList.tsx:87:34
Parsing ecmascript source code failed
  85 |                           case "step-start":
  86 |                             return partIndex > 0 ? <hr key={partIndex} className="my-3 border-neutral-200" /> : null;
> 87 |                           default:
     |                                  ^
  88 |                             return null;
  89 |                         }
  90 |                       })}

Expected '</', got ':'

Import traces:
  Client Component Browser:
    ./src/components/chat/MessageList.tsx [Client Component Browser]
    ./src/components/chat/ChatInterface.tsx [Client Component Browser]
    ./src/app/main-content.tsx [Client Component Browser]
    ./src/app/main-content.tsx [Server Component]
    ./src/app/page.tsx [Server Component]

  Client Component SSR:
    ./src/components/chat/MessageList.tsx [Client Component SSR]
    ./src/components/chat/ChatInterface.tsx [Client Component SSR]
    ./src/app/main-content.tsx [Client Component SSR]
    ./src/app/main-content.tsx [Server Component]
    ./src/app/page.tsx [Server Component] @ http://localhost:3000/_next/static/chunks/node_modules_next_dist_b0daae9a._.js:2359
[  237903ms] [ERROR] ./src/components/chat/MessageList.tsx:87:34
Parsing ecmascript source code failed
  85 |                           case "step-start":
  86 |                             return partIndex > 0 ? <hr key={partIndex} className="my-3 border-neutral-200" /> : null;
> 87 |                           default:
     |                                  ^
  88 |                             return null;
  89 |                         }
  90 |                       })}

Expected '</', got ':'

Import traces:
  Client Component Browser:
    ./src/components/chat/MessageList.tsx [Client Component Browser]
    ./src/components/chat/ChatInterface.tsx [Client Component Browser]
    ./src/app/main-content.tsx [Client Component Browser]
    ./src/app/main-content.tsx [Server Component]
    ./src/app/page.tsx [Server Component]

  Client Component SSR:
    ./src/components/chat/MessageList.tsx [Client Component SSR]
    ./src/components/chat/ChatInterface.tsx [Client Component SSR]
    ./src/app/main-content.tsx [Client Component SSR]
    ./src/app/main-content.tsx [Server Component]
    ./src/app/page.tsx [Server Component] @ http://localhost:3000/_next/static/chunks/node_modules_next_dist_b0daae9a._.js:2359
[  237952ms] [ERROR] ./src/components/chat/MessageList.tsx:87:34
Parsing ecmascript source code failed
  85 |                           case "step-start":
  86 |                             return partIndex > 0 ? <hr key={partIndex} className="my-3 border-neutral-200" /> : null;
> 87 |                           default:
     |                                  ^
  88 |                             return null;
  89 |                         }
  90 |                       })}

Expected '</', got ':'

Import traces:
  Client Component Browser:
    ./src/components/chat/MessageList.tsx [Client Component Browser]
    ./src/components/chat/ChatInterface.tsx [Client Component Browser]
    ./src/app/main-content.tsx [Client Component Browser]
    ./src/app/main-content.tsx [Server Component]
    ./src/app/page.tsx [Server Component]

  Client Component SSR:
    ./src/components/chat/MessageList.tsx [Client Component SSR]
    ./src/components/chat/ChatInterface.tsx [Client Component SSR]
    ./src/app/main-content.tsx [Client Component SSR]
    ./src/app/main-content.tsx [Server Component]
    ./src/app/page.tsx [Server Component] @ http://localhost:3000/_next/static/chunks/node_modules_next_dist_b0daae9a._.js:2359
[  238002ms] [ERROR] ./src/components/chat/MessageList.tsx:87:34
Parsing ecmascript source code failed
  85 |                           case "step-start":
  86 |                             return partIndex > 0 ? <hr key={partIndex} className="my-3 border-neutral-200" /> : null;
> 87 |                           default:
     |                                  ^
  88 |                             return null;
  89 |                         }
  90 |                       })}

Expected '</', got ':'

Import traces:
  Client Component Browser:
    ./src/components/chat/MessageList.tsx [Client Component Browser]
    ./src/components/chat/ChatInterface.tsx [Client Component Browser]
    ./src/app/main-content.tsx [Client Component Browser]
    ./src/app/main-content.tsx [Server Component]
    ./src/app/page.tsx [Server Component]

  Client Component SSR:
    ./src/components/chat/MessageList.tsx [Client Component SSR]
    ./src/components/chat/ChatInterface.tsx [Client Component SSR]
    ./src/app/main-content.tsx [Client Component SSR]
    ./src/app/main-content.tsx [Server Component]
    ./src/app/page.tsx [Server Component] @ http://localhost:3000/_next/static/chunks/node_modules_next_dist_b0daae9a._.js:2359
[  238045ms] [ERROR] ./src/components/chat/MessageList.tsx:87:34
Parsing ecmascript source code failed
  85 |                           case "step-start":
  86 |                             return partIndex > 0 ? <hr key={partIndex} className="my-3 border-neutral-200" /> : null;
> 87 |                           default:
     |                                  ^
  88 |                             return null;
  89 |                         }
  90 |                       })}

Expected '</', got ':'

Import traces:
  Client Component Browser:
    ./src/components/chat/MessageList.tsx [Client Component Browser]
    ./src/components/chat/ChatInterface.tsx [Client Component Browser]
    ./src/app/main-content.tsx [Client Component Browser]
    ./src/app/main-content.tsx [Server Component]
    ./src/app/page.tsx [Server Component]

  Client Component SSR:
    ./src/components/chat/MessageList.tsx [Client Component SSR]
    ./src/components/chat/ChatInterface.tsx [Client Component SSR]
    ./src/app/main-content.tsx [Client Component SSR]
    ./src/app/main-content.tsx [Server Component]
    ./src/app/page.tsx [Server Component] @ http://localhost:3000/_next/static/chunks/node_modules_next_dist_b0daae9a._.js:2359
[  238098ms] [ERROR] ./src/components/chat/MessageList.tsx:87:34
Parsing ecmascript source code failed
  85 |                           case "step-start":
  86 |                             return partIndex > 0 ? <hr key={partIndex} className="my-3 border-neutral-200" /> : null;
> 87 |                           default:
     |                                  ^
  88 |                             return null;
  89 |                         }
  90 |                       })}

Expected '</', got ':'

Import traces:
  Client Component Browser:
    ./src/components/chat/MessageList.tsx [Client Component Browser]
    ./src/components/chat/ChatInterface.tsx [Client Component Browser]
    ./src/app/main-content.tsx [Client Component Browser]
    ./src/app/main-content.tsx [Server Component]
    ./src/app/page.tsx [Server Component]

  Client Component SSR:
    ./src/components/chat/MessageList.tsx [Client Component SSR]
    ./src/components/chat/ChatInterface.tsx [Client Component SSR]
    ./src/app/main-content.tsx [Client Component SSR]
    ./src/app/main-content.tsx [Server Component]
    ./src/app/page.tsx [Server Component] @ http://localhost:3000/_next/static/chunks/node_modules_next_dist_b0daae9a._.js:2359
[  238153ms] [ERROR] ./src/components/chat/MessageList.tsx:87:34
Parsing ecmascript source code failed
  85 |                           case "step-start":
  86 |                             return partIndex > 0 ? <hr key={partIndex} className="my-3 border-neutral-200" /> : null;
> 87 |                           default:
     |                                  ^
  88 |                             return null;
  89 |                         }
  90 |                       })}

Expected '</', got ':'

Import traces:
  Client Component Browser:
    ./src/components/chat/MessageList.tsx [Client Component Browser]
    ./src/components/chat/ChatInterface.tsx [Client Component Browser]
    ./src/app/main-content.tsx [Client Component Browser]
    ./src/app/main-content.tsx [Server Component]
    ./src/app/page.tsx [Server Component]

  Client Component SSR:
    ./src/components/chat/MessageList.tsx [Client Component SSR]
    ./src/components/chat/ChatInterface.tsx [Client Component SSR]
    ./src/app/main-content.tsx [Client Component SSR]
    ./src/app/main-content.tsx [Server Component]
    ./src/app/page.tsx [Server Component] @ http://localhost:3000/_next/static/chunks/node_modules_next_dist_b0daae9a._.js:2359
[  238201ms] [ERROR] ./src/components/chat/MessageList.tsx:87:34
Parsing ecmascript source code failed
  85 |                           case "step-start":
  86 |                             return partIndex > 0 ? <hr key={partIndex} className="my-3 border-neutral-200" /> : null;
> 87 |                           default:
     |                                  ^
  88 |                             return null;
  89 |                         }
  90 |                       })}

Expected '</', got ':'

Import traces:
  Client Component Browser:
    ./src/components/chat/MessageList.tsx [Client Component Browser]
    ./src/components/chat/ChatInterface.tsx [Client Component Browser]
    ./src/app/main-content.tsx [Client Component Browser]
    ./src/app/main-content.tsx [Server Component]
    ./src/app/page.tsx [Server Component]

  Client Component SSR:
    ./src/components/chat/MessageList.tsx [Client Component SSR]
    ./src/components/chat/ChatInterface.tsx [Client Component SSR]
    ./src/app/main-content.tsx [Client Component SSR]
    ./src/app/main-content.tsx [Server Component]
    ./src/app/page.tsx [Server Component] @ http://localhost:3000/_next/static/chunks/node_modules_next_dist_b0daae9a._.js:2359
[  238247ms] [ERROR] ./src/components/chat/MessageList.tsx:87:34
Parsing ecmascript source code failed
  85 |                           case "step-start":
  86 |                             return partIndex > 0 ? <hr key={partIndex} className="my-3 border-neutral-200" /> : null;
> 87 |                           default:
     |                                  ^
  88 |                             return null;
  89 |                         }
  90 |                       })}

Expected '</', got ':'

Import traces:
  Client Component Browser:
    ./src/components/chat/MessageList.tsx [Client Component Browser]
    ./src/components/chat/ChatInterface.tsx [Client Component Browser]
    ./src/app/main-content.tsx [Client Component Browser]
    ./src/app/main-content.tsx [Server Component]
    ./src/app/page.tsx [Server Component]

  Client Component SSR:
    ./src/components/chat/MessageList.tsx [Client Component SSR]
    ./src/components/chat/ChatInterface.tsx [Client Component SSR]
    ./src/app/main-content.tsx [Client Component SSR]
    ./src/app/main-content.tsx [Server Component]
    ./src/app/page.tsx [Server Component] @ http://localhost:3000/_next/static/chunks/node_modules_next_dist_b0daae9a._.js:2359
[  238287ms] [ERROR] ./src/components/chat/MessageList.tsx:87:34
Parsing ecmascript source code failed
  85 |                           case "step-start":
  86 |                             return partIndex > 0 ? <hr key={partIndex} className="my-3 border-neutral-200" /> : null;
> 87 |                           default:
     |                                  ^
  88 |                             return null;
  89 |                         }
  90 |                       })}

Expected '</', got ':'

Import traces:
  Client Component Browser:
    ./src/components/chat/MessageList.tsx [Client Component Browser]
    ./src/components/chat/ChatInterface.tsx [Client Component Browser]
    ./src/app/main-content.tsx [Client Component Browser]
    ./src/app/main-content.tsx [Server Component]
    ./src/app/page.tsx [Server Component]

  Client Component SSR:
    ./src/components/chat/MessageList.tsx [Client Component SSR]
    ./src/components/chat/ChatInterface.tsx [Client Component SSR]
    ./src/app/main-content.tsx [Client Component SSR]
    ./src/app/main-content.tsx [Server Component]
    ./src/app/page.tsx [Server Component] @ http://localhost:3000/_next/static/chunks/node_modules_next_dist_b0daae9a._.js:2359
[  238336ms] [ERROR] ./src/components/chat/MessageList.tsx:87:34
Parsing ecmascript source code failed
  85 |                           case "step-start":
  86 |                             return partIndex > 0 ? <hr key={partIndex} className="my-3 border-neutral-200" /> : null;
> 87 |                           default:
     |                                  ^
  88 |                             return null;
  89 |                         }
  90 |                       })}

Expected '</', got ':'

Import traces:
  Client Component Browser:
    ./src/components/chat/MessageList.tsx [Client Component Browser]
    ./src/components/chat/ChatInterface.tsx [Client Component Browser]
    ./src/app/main-content.tsx [Client Component Browser]
    ./src/app/main-content.tsx [Server Component]
    ./src/app/page.tsx [Server Component]

  Client Component SSR:
    ./src/components/chat/MessageList.tsx [Client Component SSR]
    ./src/components/chat/ChatInterface.tsx [Client Component SSR]
    ./src/app/main-content.tsx [Client Component SSR]
    ./src/app/main-content.tsx [Server Component]
    ./src/app/page.tsx [Server Component] @ http://localhost:3000/_next/static/chunks/node_modules_next_dist_b0daae9a._.js:2359
[  238385ms] [ERROR] ./src/components/chat/MessageList.tsx:87:34
Parsing ecmascript source code failed
  85 |                           case "step-start":
  86 |                             return partIndex > 0 ? <hr key={partIndex} className="my-3 border-neutral-200" /> : null;
> 87 |                           default:
     |                                  ^
  88 |                             return null;
  89 |                         }
  90 |                       })}

Expected '</', got ':'

Import traces:
  Client Component Browser:
    ./src/components/chat/MessageList.tsx [Client Component Browser]
    ./src/components/chat/ChatInterface.tsx [Client Component Browser]
    ./src/app/main-content.tsx [Client Component Browser]
    ./src/app/main-content.tsx [Server Component]
    ./src/app/page.tsx [Server Component]

  Client Component SSR:
    ./src/components/chat/MessageList.tsx [Client Component SSR]
    ./src/components/chat/ChatInterface.tsx [Client Component SSR]
    ./src/app/main-content.tsx [Client Component SSR]
    ./src/app/main-content.tsx [Server Component]
    ./src/app/page.tsx [Server Component] @ http://localhost:3000/_next/static/chunks/node_modules_next_dist_b0daae9a._.js:2359
[  238449ms] [ERROR] ./src/components/chat/MessageList.tsx:87:34
Parsing ecmascript source code failed
  85 |                           case "step-start":
  86 |                             return partIndex > 0 ? <hr key={partIndex} className="my-3 border-neutral-200" /> : null;
> 87 |                           default:
     |                                  ^
  88 |                             return null;
  89 |                         }
  90 |                       })}

Expected '</', got ':'

Import traces:
  Client Component Browser:
    ./src/components/chat/MessageList.tsx [Client Component Browser]
    ./src/components/chat/ChatInterface.tsx [Client Component Browser]
    ./src/app/main-content.tsx [Client Component Browser]
    ./src/app/main-content.tsx [Server Component]
    ./src/app/page.tsx [Server Component]

  Client Component SSR:
    ./src/components/chat/MessageList.tsx [Client Component SSR]
    ./src/components/chat/ChatInterface.tsx [Client Component SSR]
    ./src/app/main-content.tsx [Client Component SSR]
    ./src/app/main-content.tsx [Server Component]
    ./src/app/page.tsx [Server Component] @ http://localhost:3000/_next/static/chunks/node_modules_next_dist_b0daae9a._.js:2359
[  238497ms] [ERROR] ./src/components/chat/MessageList.tsx:87:34
Parsing ecmascript source code failed
  85 |                           case "step-start":
  86 |                             return partIndex > 0 ? <hr key={partIndex} className="my-3 border-neutral-200" /> : null;
> 87 |                           default:
     |                                  ^
  88 |                             return null;
  89 |                         }
  90 |                       })}

Expected '</', got ':'

Import traces:
  Client Component Browser:
    ./src/components/chat/MessageList.tsx [Client Component Browser]
    ./src/components/chat/ChatInterface.tsx [Client Component Browser]
    ./src/app/main-content.tsx [Client Component Browser]
    ./src/app/main-content.tsx [Server Component]
    ./src/app/page.tsx [Server Component]

  Client Component SSR:
    ./src/components/chat/MessageList.tsx [Client Component SSR]
    ./src/components/chat/ChatInterface.tsx [Client Component SSR]
    ./src/app/main-content.tsx [Client Component SSR]
    ./src/app/main-content.tsx [Server Component]
    ./src/app/page.tsx [Server Component] @ http://localhost:3000/_next/static/chunks/node_modules_next_dist_b0daae9a._.js:2359
[  238560ms] [ERROR] ./src/components/chat/MessageList.tsx:87:34
Parsing ecmascript source code failed
  85 |                           case "step-start":
  86 |                             return partIndex > 0 ? <hr key={partIndex} className="my-3 border-neutral-200" /> : null;
> 87 |                           default:
     |                                  ^
  88 |                             return null;
  89 |                         }
  90 |                       })}

Expected '</', got ':'

Import traces:
  Client Component Browser:
    ./src/components/chat/MessageList.tsx [Client Component Browser]
    ./src/components/chat/ChatInterface.tsx [Client Component Browser]
    ./src/app/main-content.tsx [Client Component Browser]
    ./src/app/main-content.tsx [Server Component]
    ./src/app/page.tsx [Server Component]

  Client Component SSR:
    ./src/components/chat/MessageList.tsx [Client Component SSR]
    ./src/components/chat/ChatInterface.tsx [Client Component SSR]
    ./src/app/main-content.tsx [Client Component SSR]
    ./src/app/main-content.tsx [Server Component]
    ./src/app/page.tsx [Server Component] @ http://localhost:3000/_next/static/chunks/node_modules_next_dist_b0daae9a._.js:2359
[  238609ms] [ERROR] ./src/components/chat/MessageList.tsx:87:34
Parsing ecmascript source code failed
  85 |                           case "step-start":
  86 |                             return partIndex > 0 ? <hr key={partIndex} className="my-3 border-neutral-200" /> : null;
> 87 |                           default:
     |                                  ^
  88 |                             return null;
  89 |                         }
  90 |                       })}

Expected '</', got ':'

Import traces:
  Client Component Browser:
    ./src/components/chat/MessageList.tsx [Client Component Browser]
    ./src/components/chat/ChatInterface.tsx [Client Component Browser]
    ./src/app/main-content.tsx [Client Component Browser]
    ./src/app/main-content.tsx [Server Component]
    ./src/app/page.tsx [Server Component]

  Client Component SSR:
    ./src/components/chat/MessageList.tsx [Client Component SSR]
    ./src/components/chat/ChatInterface.tsx [Client Component SSR]
    ./src/app/main-content.tsx [Client Component SSR]
    ./src/app/main-content.tsx [Server Component]
    ./src/app/page.tsx [Server Component] @ http://localhost:3000/_next/static/chunks/node_modules_next_dist_b0daae9a._.js:2359
[  238671ms] [ERROR] ./src/components/chat/MessageList.tsx:87:34
Parsing ecmascript source code failed
  85 |                           case "step-start":
  86 |                             return partIndex > 0 ? <hr key={partIndex} className="my-3 border-neutral-200" /> : null;
> 87 |                           default:
     |                                  ^
  88 |                             return null;
  89 |                         }
  90 |                       })}

Expected '</', got ':'

Import traces:
  Client Component Browser:
    ./src/components/chat/MessageList.tsx [Client Component Browser]
    ./src/components/chat/ChatInterface.tsx [Client Component Browser]
    ./src/app/main-content.tsx [Client Component Browser]
    ./src/app/main-content.tsx [Server Component]
    ./src/app/page.tsx [Server Component]

  Client Component SSR:
    ./src/components/chat/MessageList.tsx [Client Component SSR]
    ./src/components/chat/ChatInterface.tsx [Client Component SSR]
    ./src/app/main-content.tsx [Client Component SSR]
    ./src/app/main-content.tsx [Server Component]
    ./src/app/page.tsx [Server Component] @ http://localhost:3000/_next/static/chunks/node_modules_next_dist_b0daae9a._.js:2359
[  238719ms] [ERROR] ./src/components/chat/MessageList.tsx:87:34
Parsing ecmascript source code failed
  85 |                           case "step-start":
  86 |                             return partIndex > 0 ? <hr key={partIndex} className="my-3 border-neutral-200" /> : null;
> 87 |                           default:
     |                                  ^
  88 |                             return null;
  89 |                         }
  90 |                       })}

Expected '</', got ':'

Import traces:
  Client Component Browser:
    ./src/components/chat/MessageList.tsx [Client Component Browser]
    ./src/components/chat/ChatInterface.tsx [Client Component Browser]
    ./src/app/main-content.tsx [Client Component Browser]
    ./src/app/main-content.tsx [Server Component]
    ./src/app/page.tsx [Server Component]

  Client Component SSR:
    ./src/components/chat/MessageList.tsx [Client Component SSR]
    ./src/components/chat/ChatInterface.tsx [Client Component SSR]
    ./src/app/main-content.tsx [Client Component SSR]
    ./src/app/main-content.tsx [Server Component]
    ./src/app/page.tsx [Server Component] @ http://localhost:3000/_next/static/chunks/node_modules_next_dist_b0daae9a._.js:2359
[  238785ms] [ERROR] ./src/components/chat/MessageList.tsx:87:34
Parsing ecmascript source code failed
  85 |                           case "step-start":
  86 |                             return partIndex > 0 ? <hr key={partIndex} className="my-3 border-neutral-200" /> : null;
> 87 |                           default:
     |                                  ^
  88 |                             return null;
  89 |                         }
  90 |                       })}

Expected '</', got ':'

Import traces:
  Client Component Browser:
    ./src/components/chat/MessageList.tsx [Client Component Browser]
    ./src/components/chat/ChatInterface.tsx [Client Component Browser]
    ./src/app/main-content.tsx [Client Component Browser]
    ./src/app/main-content.tsx [Server Component]
    ./src/app/page.tsx [Server Component]

  Client Component SSR:
    ./src/components/chat/MessageList.tsx [Client Component SSR]
    ./src/components/chat/ChatInterface.tsx [Client Component SSR]
    ./src/app/main-content.tsx [Client Component SSR]
    ./src/app/main-content.tsx [Server Component]
    ./src/app/page.tsx [Server Component] @ http://localhost:3000/_next/static/chunks/node_modules_next_dist_b0daae9a._.js:2359
[  238847ms] [ERROR] ./src/components/chat/MessageList.tsx:87:34
Parsing ecmascript source code failed
  85 |                           case "step-start":
  86 |                             return partIndex > 0 ? <hr key={partIndex} className="my-3 border-neutral-200" /> : null;
> 87 |                           default:
     |                                  ^
  88 |                             return null;
  89 |                         }
  90 |                       })}

Expected '</', got ':'

Import traces:
  Client Component Browser:
    ./src/components/chat/MessageList.tsx [Client Component Browser]
    ./src/components/chat/ChatInterface.tsx [Client Component Browser]
    ./src/app/main-content.tsx [Client Component Browser]
    ./src/app/main-content.tsx [Server Component]
    ./src/app/page.tsx [Server Component]

  Client Component SSR:
    ./src/components/chat/MessageList.tsx [Client Component SSR]
    ./src/components/chat/ChatInterface.tsx [Client Component SSR]
    ./src/app/main-content.tsx [Client Component SSR]
    ./src/app/main-content.tsx [Server Component]
    ./src/app/page.tsx [Server Component] @ http://localhost:3000/_next/static/chunks/node_modules_next_dist_b0daae9a._.js:2359
[  238912ms] [ERROR] ./src/components/chat/MessageList.tsx:87:34
Parsing ecmascript source code failed
  85 |                           case "step-start":
  86 |                             return partIndex > 0 ? <hr key={partIndex} className="my-3 border-neutral-200" /> : null;
> 87 |                           default:
     |                                  ^
  88 |                             return null;
  89 |                         }
  90 |                       })}

Expected '</', got ':'

Import traces:
  Client Component Browser:
    ./src/components/chat/MessageList.tsx [Client Component Browser]
    ./src/components/chat/ChatInterface.tsx [Client Component Browser]
    ./src/app/main-content.tsx [Client Component Browser]
    ./src/app/main-content.tsx [Server Component]
    ./src/app/page.tsx [Server Component]

  Client Component SSR:
    ./src/components/chat/MessageList.tsx [Client Component SSR]
    ./src/components/chat/ChatInterface.tsx [Client Component SSR]
    ./src/app/main-content.tsx [Client Component SSR]
    ./src/app/main-content.tsx [Server Component]
    ./src/app/page.tsx [Server Component] @ http://localhost:3000/_next/static/chunks/node_modules_next_dist_b0daae9a._.js:2359
[  238977ms] [ERROR] ./src/components/chat/MessageList.tsx:87:34
Parsing ecmascript source code failed
  85 |                           case "step-start":
  86 |                             return partIndex > 0 ? <hr key={partIndex} className="my-3 border-neutral-200" /> : null;
> 87 |                           default:
     |                                  ^
  88 |                             return null;
  89 |                         }
  90 |                       })}

Expected '</', got ':'

Import traces:
  Client Component Browser:
    ./src/components/chat/MessageList.tsx [Client Component Browser]
    ./src/components/chat/ChatInterface.tsx [Client Component Browser]
    ./src/app/main-content.tsx [Client Component Browser]
    ./src/app/main-content.tsx [Server Component]
    ./src/app/page.tsx [Server Component]

  Client Component SSR:
    ./src/components/chat/MessageList.tsx [Client Component SSR]
    ./src/components/chat/ChatInterface.tsx [Client Component SSR]
    ./src/app/main-content.tsx [Client Component SSR]
    ./src/app/main-content.tsx [Server Component]
    ./src/app/page.tsx [Server Component] @ http://localhost:3000/_next/static/chunks/node_modules_next_dist_b0daae9a._.js:2359
[  239035ms] [ERROR] ./src/components/chat/MessageList.tsx:87:34
Parsing ecmascript source code failed
  85 |                           case "step-start":
  86 |                             return partIndex > 0 ? <hr key={partIndex} className="my-3 border-neutral-200" /> : null;
> 87 |                           default:
     |                                  ^
  88 |                             return null;
  89 |                         }
  90 |                       })}

Expected '</', got ':'

Import traces:
  Client Component Browser:
    ./src/components/chat/MessageList.tsx [Client Component Browser]
    ./src/components/chat/ChatInterface.tsx [Client Component Browser]
    ./src/app/main-content.tsx [Client Component Browser]
    ./src/app/main-content.tsx [Server Component]
    ./src/app/page.tsx [Server Component]

  Client Component SSR:
    ./src/components/chat/MessageList.tsx [Client Component SSR]
    ./src/components/chat/ChatInterface.tsx [Client Component SSR]
    ./src/app/main-content.tsx [Client Component SSR]
    ./src/app/main-content.tsx [Server Component]
    ./src/app/page.tsx [Server Component] @ http://localhost:3000/_next/static/chunks/node_modules_next_dist_b0daae9a._.js:2359
[  239082ms] [ERROR] ./src/components/chat/MessageList.tsx:87:34
Parsing ecmascript source code failed
  85 |                           case "step-start":
  86 |                             return partIndex > 0 ? <hr key={partIndex} className="my-3 border-neutral-200" /> : null;
> 87 |                           default:
     |                                  ^
  88 |                             return null;
  89 |                         }
  90 |                       })}

Expected '</', got ':'

Import traces:
  Client Component Browser:
    ./src/components/chat/MessageList.tsx [Client Component Browser]
    ./src/components/chat/ChatInterface.tsx [Client Component Browser]
    ./src/app/main-content.tsx [Client Component Browser]
    ./src/app/main-content.tsx [Server Component]
    ./src/app/page.tsx [Server Component]

  Client Component SSR:
    ./src/components/chat/MessageList.tsx [Client Component SSR]
    ./src/components/chat/ChatInterface.tsx [Client Component SSR]
    ./src/app/main-content.tsx [Client Component SSR]
    ./src/app/main-content.tsx [Server Component]
    ./src/app/page.tsx [Server Component] @ http://localhost:3000/_next/static/chunks/node_modules_next_dist_b0daae9a._.js:2359
[  239137ms] [ERROR] ./src/components/chat/MessageList.tsx:87:34
Parsing ecmascript source code failed
  85 |                           case "step-start":
  86 |                             return partIndex > 0 ? <hr key={partIndex} className="my-3 border-neutral-200" /> : null;
> 87 |                           default:
     |                                  ^
  88 |                             return null;
  89 |                         }
  90 |                       })}

Expected '</', got ':'

Import traces:
  Client Component Browser:
    ./src/components/chat/MessageList.tsx [Client Component Browser]
    ./src/components/chat/ChatInterface.tsx [Client Component Browser]
    ./src/app/main-content.tsx [Client Component Browser]
    ./src/app/main-content.tsx [Server Component]
    ./src/app/page.tsx [Server Component]

  Client Component SSR:
    ./src/components/chat/MessageList.tsx [Client Component SSR]
    ./src/components/chat/ChatInterface.tsx [Client Component SSR]
    ./src/app/main-content.tsx [Client Component SSR]
    ./src/app/main-content.tsx [Server Component]
    ./src/app/page.tsx [Server Component] @ http://localhost:3000/_next/static/chunks/node_modules_next_dist_b0daae9a._.js:2359
[  239186ms] [ERROR] ./src/components/chat/MessageList.tsx:87:34
Parsing ecmascript source code failed
  85 |                           case "step-start":
  86 |                             return partIndex > 0 ? <hr key={partIndex} className="my-3 border-neutral-200" /> : null;
> 87 |                           default:
     |                                  ^
  88 |                             return null;
  89 |                         }
  90 |                       })}

Expected '</', got ':'

Import traces:
  Client Component Browser:
    ./src/components/chat/MessageList.tsx [Client Component Browser]
    ./src/components/chat/ChatInterface.tsx [Client Component Browser]
    ./src/app/main-content.tsx [Client Component Browser]
    ./src/app/main-content.tsx [Server Component]
    ./src/app/page.tsx [Server Component]

  Client Component SSR:
    ./src/components/chat/MessageList.tsx [Client Component SSR]
    ./src/components/chat/ChatInterface.tsx [Client Component SSR]
    ./src/app/main-content.tsx [Client Component SSR]
    ./src/app/main-content.tsx [Server Component]
    ./src/app/page.tsx [Server Component] @ http://localhost:3000/_next/static/chunks/node_modules_next_dist_b0daae9a._.js:2359
[  239236ms] [ERROR] ./src/components/chat/MessageList.tsx:87:34
Parsing ecmascript source code failed
  85 |                           case "step-start":
  86 |                             return partIndex > 0 ? <hr key={partIndex} className="my-3 border-neutral-200" /> : null;
> 87 |                           default:
     |                                  ^
  88 |                             return null;
  89 |                         }
  90 |                       })}

Expected '</', got ':'

Import traces:
  Client Component Browser:
    ./src/components/chat/MessageList.tsx [Client Component Browser]
    ./src/components/chat/ChatInterface.tsx [Client Component Browser]
    ./src/app/main-content.tsx [Client Component Browser]
    ./src/app/main-content.tsx [Server Component]
    ./src/app/page.tsx [Server Component]

  Client Component SSR:
    ./src/components/chat/MessageList.tsx [Client Component SSR]
    ./src/components/chat/ChatInterface.tsx [Client Component SSR]
    ./src/app/main-content.tsx [Client Component SSR]
    ./src/app/main-content.tsx [Server Component]
    ./src/app/page.tsx [Server Component] @ http://localhost:3000/_next/static/chunks/node_modules_next_dist_b0daae9a._.js:2359
[  239288ms] [ERROR] ./src/components/chat/MessageList.tsx:87:34
Parsing ecmascript source code failed
  85 |                           case "step-start":
  86 |                             return partIndex > 0 ? <hr key={partIndex} className="my-3 border-neutral-200" /> : null;
> 87 |                           default:
     |                                  ^
  88 |                             return null;
  89 |                         }
  90 |                       })}

Expected '</', got ':'

Import traces:
  Client Component Browser:
    ./src/components/chat/MessageList.tsx [Client Component Browser]
    ./src/components/chat/ChatInterface.tsx [Client Component Browser]
    ./src/app/main-content.tsx [Client Component Browser]
    ./src/app/main-content.tsx [Server Component]
    ./src/app/page.tsx [Server Component]

  Client Component SSR:
    ./src/components/chat/MessageList.tsx [Client Component SSR]
    ./src/components/chat/ChatInterface.tsx [Client Component SSR]
    ./src/app/main-content.tsx [Client Component SSR]
    ./src/app/main-content.tsx [Server Component]
    ./src/app/page.tsx [Server Component] @ http://localhost:3000/_next/static/chunks/node_modules_next_dist_b0daae9a._.js:2359
[  239353ms] [ERROR] ./src/components/chat/MessageList.tsx:87:34
Parsing ecmascript source code failed
  85 |                           case "step-start":
  86 |                             return partIndex > 0 ? <hr key={partIndex} className="my-3 border-neutral-200" /> : null;
> 87 |                           default:
     |                                  ^
  88 |                             return null;
  89 |                         }
  90 |                       })}

Expected '</', got ':'

Import traces:
  Client Component Browser:
    ./src/components/chat/MessageList.tsx [Client Component Browser]
    ./src/components/chat/ChatInterface.tsx [Client Component Browser]
    ./src/app/main-content.tsx [Client Component Browser]
    ./src/app/main-content.tsx [Server Component]
    ./src/app/page.tsx [Server Component]

  Client Component SSR:
    ./src/components/chat/MessageList.tsx [Client Component SSR]
    ./src/components/chat/ChatInterface.tsx [Client Component SSR]
    ./src/app/main-content.tsx [Client Component SSR]
    ./src/app/main-content.tsx [Server Component]
    ./src/app/page.tsx [Server Component] @ http://localhost:3000/_next/static/chunks/node_modules_next_dist_b0daae9a._.js:2359
[  239417ms] [ERROR] ./src/components/chat/MessageList.tsx:87:34
Parsing ecmascript source code failed
  85 |                           case "step-start":
  86 |                             return partIndex > 0 ? <hr key={partIndex} className="my-3 border-neutral-200" /> : null;
> 87 |                           default:
     |                                  ^
  88 |                             return null;
  89 |                         }
  90 |                       })}

Expected '</', got ':'

Import traces:
  Client Component Browser:
    ./src/components/chat/MessageList.tsx [Client Component Browser]
    ./src/components/chat/ChatInterface.tsx [Client Component Browser]
    ./src/app/main-content.tsx [Client Component Browser]
    ./src/app/main-content.tsx [Server Component]
    ./src/app/page.tsx [Server Component]

  Client Component SSR:
    ./src/components/chat/MessageList.tsx [Client Component SSR]
    ./src/components/chat/ChatInterface.tsx [Client Component SSR]
    ./src/app/main-content.tsx [Client Component SSR]
    ./src/app/main-content.tsx [Server Component]
    ./src/app/page.tsx [Server Component] @ http://localhost:3000/_next/static/chunks/node_modules_next_dist_b0daae9a._.js:2359
[  239485ms] [ERROR] ./src/components/chat/MessageList.tsx:87:34
Parsing ecmascript source code failed
  85 |                           case "step-start":
  86 |                             return partIndex > 0 ? <hr key={partIndex} className="my-3 border-neutral-200" /> : null;
> 87 |                           default:
     |                                  ^
  88 |                             return null;
  89 |                         }
  90 |                       })}

Expected '</', got ':'

Import traces:
  Client Component Browser:
    ./src/components/chat/MessageList.tsx [Client Component Browser]
    ./src/components/chat/ChatInterface.tsx [Client Component Browser]
    ./src/app/main-content.tsx [Client Component Browser]
    ./src/app/main-content.tsx [Server Component]
    ./src/app/page.tsx [Server Component]

  Client Component SSR:
    ./src/components/chat/MessageList.tsx [Client Component SSR]
    ./src/components/chat/ChatInterface.tsx [Client Component SSR]
    ./src/app/main-content.tsx [Client Component SSR]
    ./src/app/main-content.tsx [Server Component]
    ./src/app/page.tsx [Server Component] @ http://localhost:3000/_next/static/chunks/node_modules_next_dist_b0daae9a._.js:2359
[  239549ms] [ERROR] ./src/components/chat/MessageList.tsx:87:34
Parsing ecmascript source code failed
  85 |                           case "step-start":
  86 |                             return partIndex > 0 ? <hr key={partIndex} className="my-3 border-neutral-200" /> : null;
> 87 |                           default:
     |                                  ^
  88 |                             return null;
  89 |                         }
  90 |                       })}

Expected '</', got ':'

Import traces:
  Client Component Browser:
    ./src/components/chat/MessageList.tsx [Client Component Browser]
    ./src/components/chat/ChatInterface.tsx [Client Component Browser]
    ./src/app/main-content.tsx [Client Component Browser]
    ./src/app/main-content.tsx [Server Component]
    ./src/app/page.tsx [Server Component]

  Client Component SSR:
    ./src/components/chat/MessageList.tsx [Client Component SSR]
    ./src/components/chat/ChatInterface.tsx [Client Component SSR]
    ./src/app/main-content.tsx [Client Component SSR]
    ./src/app/main-content.tsx [Server Component]
    ./src/app/page.tsx [Server Component] @ http://localhost:3000/_next/static/chunks/node_modules_next_dist_b0daae9a._.js:2359
[  239611ms] [ERROR] ./src/components/chat/MessageList.tsx:87:34
Parsing ecmascript source code failed
  85 |                           case "step-start":
  86 |                             return partIndex > 0 ? <hr key={partIndex} className="my-3 border-neutral-200" /> : null;
> 87 |                           default:
     |                                  ^
  88 |                             return null;
  89 |                         }
  90 |                       })}

Expected '</', got ':'

Import traces:
  Client Component Browser:
    ./src/components/chat/MessageList.tsx [Client Component Browser]
    ./src/components/chat/ChatInterface.tsx [Client Component Browser]
    ./src/app/main-content.tsx [Client Component Browser]
    ./src/app/main-content.tsx [Server Component]
    ./src/app/page.tsx [Server Component]

  Client Component SSR:
    ./src/components/chat/MessageList.tsx [Client Component SSR]
    ./src/components/chat/ChatInterface.tsx [Client Component SSR]
    ./src/app/main-content.tsx [Client Component SSR]
    ./src/app/main-content.tsx [Server Component]
    ./src/app/page.tsx [Server Component] @ http://localhost:3000/_next/static/chunks/node_modules_next_dist_b0daae9a._.js:2359
[  239676ms] [ERROR] ./src/components/chat/MessageList.tsx:87:34
Parsing ecmascript source code failed
  85 |                           case "step-start":
  86 |                             return partIndex > 0 ? <hr key={partIndex} className="my-3 border-neutral-200" /> : null;
> 87 |                           default:
     |                                  ^
  88 |                             return null;
  89 |                         }
  90 |                       })}

Expected '</', got ':'

Import traces:
  Client Component Browser:
    ./src/components/chat/MessageList.tsx [Client Component Browser]
    ./src/components/chat/ChatInterface.tsx [Client Component Browser]
    ./src/app/main-content.tsx [Client Component Browser]
    ./src/app/main-content.tsx [Server Component]
    ./src/app/page.tsx [Server Component]

  Client Component SSR:
    ./src/components/chat/MessageList.tsx [Client Component SSR]
    ./src/components/chat/ChatInterface.tsx [Client Component SSR]
    ./src/app/main-content.tsx [Client Component SSR]
    ./src/app/main-content.tsx [Server Component]
    ./src/app/page.tsx [Server Component] @ http://localhost:3000/_next/static/chunks/node_modules_next_dist_b0daae9a._.js:2359
[  239738ms] [ERROR] ./src/components/chat/MessageList.tsx:87:34
Parsing ecmascript source code failed
  85 |                           case "step-start":
  86 |                             return partIndex > 0 ? <hr key={partIndex} className="my-3 border-neutral-200" /> : null;
> 87 |                           default:
     |                                  ^
  88 |                             return null;
  89 |                         }
  90 |                       })}

Expected '</', got ':'

Import traces:
  Client Component Browser:
    ./src/components/chat/MessageList.tsx [Client Component Browser]
    ./src/components/chat/ChatInterface.tsx [Client Component Browser]
    ./src/app/main-content.tsx [Client Component Browser]
    ./src/app/main-content.tsx [Server Component]
    ./src/app/page.tsx [Server Component]

  Client Component SSR:
    ./src/components/chat/MessageList.tsx [Client Component SSR]
    ./src/components/chat/ChatInterface.tsx [Client Component SSR]
    ./src/app/main-content.tsx [Client Component SSR]
    ./src/app/main-content.tsx [Server Component]
    ./src/app/page.tsx [Server Component] @ http://localhost:3000/_next/static/chunks/node_modules_next_dist_b0daae9a._.js:2359
[  239803ms] [ERROR] ./src/components/chat/MessageList.tsx:87:34
Parsing ecmascript source code failed
  85 |                           case "step-start":
  86 |                             return partIndex > 0 ? <hr key={partIndex} className="my-3 border-neutral-200" /> : null;
> 87 |                           default:
     |                                  ^
  88 |                             return null;
  89 |                         }
  90 |                       })}

Expected '</', got ':'

Import traces:
  Client Component Browser:
    ./src/components/chat/MessageList.tsx [Client Component Browser]
    ./src/components/chat/ChatInterface.tsx [Client Component Browser]
    ./src/app/main-content.tsx [Client Component Browser]
    ./src/app/main-content.tsx [Server Component]
    ./src/app/page.tsx [Server Component]

  Client Component SSR:
    ./src/components/chat/MessageList.tsx [Client Component SSR]
    ./src/components/chat/ChatInterface.tsx [Client Component SSR]
    ./src/app/main-content.tsx [Client Component SSR]
    ./src/app/main-content.tsx [Server Component]
    ./src/app/page.tsx [Server Component] @ http://localhost:3000/_next/static/chunks/node_modules_next_dist_b0daae9a._.js:2359
[  239866ms] [ERROR] ./src/components/chat/MessageList.tsx:87:34
Parsing ecmascript source code failed
  85 |                           case "step-start":
  86 |                             return partIndex > 0 ? <hr key={partIndex} className="my-3 border-neutral-200" /> : null;
> 87 |                           default:
     |                                  ^
  88 |                             return null;
  89 |                         }
  90 |                       })}

Expected '</', got ':'

Import traces:
  Client Component Browser:
    ./src/components/chat/MessageList.tsx [Client Component Browser]
    ./src/components/chat/ChatInterface.tsx [Client Component Browser]
    ./src/app/main-content.tsx [Client Component Browser]
    ./src/app/main-content.tsx [Server Component]
    ./src/app/page.tsx [Server Component]

  Client Component SSR:
    ./src/components/chat/MessageList.tsx [Client Component SSR]
    ./src/components/chat/ChatInterface.tsx [Client Component SSR]
    ./src/app/main-content.tsx [Client Component SSR]
    ./src/app/main-content.tsx [Server Component]
    ./src/app/page.tsx [Server Component] @ http://localhost:3000/_next/static/chunks/node_modules_next_dist_b0daae9a._.js:2359
[  239929ms] [ERROR] ./src/components/chat/MessageList.tsx:87:34
Parsing ecmascript source code failed
  85 |                           case "step-start":
  86 |                             return partIndex > 0 ? <hr key={partIndex} className="my-3 border-neutral-200" /> : null;
> 87 |                           default:
     |                                  ^
  88 |                             return null;
  89 |                         }
  90 |                       })}

Expected '</', got ':'

Import traces:
  Client Component Browser:
    ./src/components/chat/MessageList.tsx [Client Component Browser]
    ./src/components/chat/ChatInterface.tsx [Client Component Browser]
    ./src/app/main-content.tsx [Client Component Browser]
    ./src/app/main-content.tsx [Server Component]
    ./src/app/page.tsx [Server Component]

  Client Component SSR:
    ./src/components/chat/MessageList.tsx [Client Component SSR]
    ./src/components/chat/ChatInterface.tsx [Client Component SSR]
    ./src/app/main-content.tsx [Client Component SSR]
    ./src/app/main-content.tsx [Server Component]
    ./src/app/page.tsx [Server Component] @ http://localhost:3000/_next/static/chunks/node_modules_next_dist_b0daae9a._.js:2359
[  239993ms] [ERROR] ./src/components/chat/MessageList.tsx:87:34
Parsing ecmascript source code failed
  85 |                           case "step-start":
  86 |                             return partIndex > 0 ? <hr key={partIndex} className="my-3 border-neutral-200" /> : null;
> 87 |                           default:
     |                                  ^
  88 |                             return null;
  89 |                         }
  90 |                       })}

Expected '</', got ':'

Import traces:
  Client Component Browser:
    ./src/components/chat/MessageList.tsx [Client Component Browser]
    ./src/components/chat/ChatInterface.tsx [Client Component Browser]
    ./src/app/main-content.tsx [Client Component Browser]
    ./src/app/main-content.tsx [Server Component]
    ./src/app/page.tsx [Server Component]

  Client Component SSR:
    ./src/components/chat/MessageList.tsx [Client Component SSR]
    ./src/components/chat/ChatInterface.tsx [Client Component SSR]
    ./src/app/main-content.tsx [Client Component SSR]
    ./src/app/main-content.tsx [Server Component]
    ./src/app/page.tsx [Server Component] @ http://localhost:3000/_next/static/chunks/node_modules_next_dist_b0daae9a._.js:2359
[  240041ms] [ERROR] ./src/components/chat/MessageList.tsx:87:34
Parsing ecmascript source code failed
  85 |                           case "step-start":
  86 |                             return partIndex > 0 ? <hr key={partIndex} className="my-3 border-neutral-200" /> : null;
> 87 |                           default:
     |                                  ^
  88 |                             return null;
  89 |                         }
  90 |                       })}

Expected '</', got ':'

Import traces:
  Client Component Browser:
    ./src/components/chat/MessageList.tsx [Client Component Browser]
    ./src/components/chat/ChatInterface.tsx [Client Component Browser]
    ./src/app/main-content.tsx [Client Component Browser]
    ./src/app/main-content.tsx [Server Component]
    ./src/app/page.tsx [Server Component]

  Client Component SSR:
    ./src/components/chat/MessageList.tsx [Client Component SSR]
    ./src/components/chat/ChatInterface.tsx [Client Component SSR]
    ./src/app/main-content.tsx [Client Component SSR]
    ./src/app/main-content.tsx [Server Component]
    ./src/app/page.tsx [Server Component] @ http://localhost:3000/_next/static/chunks/node_modules_next_dist_b0daae9a._.js:2359
[  240104ms] [ERROR] ./src/components/chat/MessageList.tsx:87:34
Parsing ecmascript source code failed
  85 |                           case "step-start":
  86 |                             return partIndex > 0 ? <hr key={partIndex} className="my-3 border-neutral-200" /> : null;
> 87 |                           default:
     |                                  ^
  88 |                             return null;
  89 |                         }
  90 |                       })}

Expected '</', got ':'

Import traces:
  Client Component Browser:
    ./src/components/chat/MessageList.tsx [Client Component Browser]
    ./src/components/chat/ChatInterface.tsx [Client Component Browser]
    ./src/app/main-content.tsx [Client Component Browser]
    ./src/app/main-content.tsx [Server Component]
    ./src/app/page.tsx [Server Component]

  Client Component SSR:
    ./src/components/chat/MessageList.tsx [Client Component SSR]
    ./src/components/chat/ChatInterface.tsx [Client Component SSR]
    ./src/app/main-content.tsx [Client Component SSR]
    ./src/app/main-content.tsx [Server Component]
    ./src/app/page.tsx [Server Component] @ http://localhost:3000/_next/static/chunks/node_modules_next_dist_b0daae9a._.js:2359
[  240152ms] [ERROR] ./src/components/chat/MessageList.tsx:87:34
Parsing ecmascript source code failed
  85 |                           case "step-start":
  86 |                             return partIndex > 0 ? <hr key={partIndex} className="my-3 border-neutral-200" /> : null;
> 87 |                           default:
     |                                  ^
  88 |                             return null;
  89 |                         }
  90 |                       })}

Expected '</', got ':'

Import traces:
  Client Component Browser:
    ./src/components/chat/MessageList.tsx [Client Component Browser]
    ./src/components/chat/ChatInterface.tsx [Client Component Browser]
    ./src/app/main-content.tsx [Client Component Browser]
    ./src/app/main-content.tsx [Server Component]
    ./src/app/page.tsx [Server Component]

  Client Component SSR:
    ./src/components/chat/MessageList.tsx [Client Component SSR]
    ./src/components/chat/ChatInterface.tsx [Client Component SSR]
    ./src/app/main-content.tsx [Client Component SSR]
    ./src/app/main-content.tsx [Server Component]
    ./src/app/page.tsx [Server Component] @ http://localhost:3000/_next/static/chunks/node_modules_next_dist_b0daae9a._.js:2359
[  240200ms] [ERROR] ./src/components/chat/MessageList.tsx:87:34
Parsing ecmascript source code failed
  85 |                           case "step-start":
  86 |                             return partIndex > 0 ? <hr key={partIndex} className="my-3 border-neutral-200" /> : null;
> 87 |                           default:
     |                                  ^
  88 |                             return null;
  89 |                         }
  90 |                       })}

Expected '</', got ':'

Import traces:
  Client Component Browser:
    ./src/components/chat/MessageList.tsx [Client Component Browser]
    ./src/components/chat/ChatInterface.tsx [Client Component Browser]
    ./src/app/main-content.tsx [Client Component Browser]
    ./src/app/main-content.tsx [Server Component]
    ./src/app/page.tsx [Server Component]

  Client Component SSR:
    ./src/components/chat/MessageList.tsx [Client Component SSR]
    ./src/components/chat/ChatInterface.tsx [Client Component SSR]
    ./src/app/main-content.tsx [Client Component SSR]
    ./src/app/main-content.tsx [Server Component]
    ./src/app/page.tsx [Server Component] @ http://localhost:3000/_next/static/chunks/node_modules_next_dist_b0daae9a._.js:2359
[  240265ms] [ERROR] ./src/components/chat/MessageList.tsx:87:34
Parsing ecmascript source code failed
  85 |                           case "step-start":
  86 |                             return partIndex > 0 ? <hr key={partIndex} className="my-3 border-neutral-200" /> : null;
> 87 |                           default:
     |                                  ^
  88 |                             return null;
  89 |                         }
  90 |                       })}

Expected '</', got ':'

Import traces:
  Client Component Browser:
    ./src/components/chat/MessageList.tsx [Client Component Browser]
    ./src/components/chat/ChatInterface.tsx [Client Component Browser]
    ./src/app/main-content.tsx [Client Component Browser]
    ./src/app/main-content.tsx [Server Component]
    ./src/app/page.tsx [Server Component]

  Client Component SSR:
    ./src/components/chat/MessageList.tsx [Client Component SSR]
    ./src/components/chat/ChatInterface.tsx [Client Component SSR]
    ./src/app/main-content.tsx [Client Component SSR]
    ./src/app/main-content.tsx [Server Component]
    ./src/app/page.tsx [Server Component] @ http://localhost:3000/_next/static/chunks/node_modules_next_dist_b0daae9a._.js:2359
[  240329ms] [ERROR] ./src/components/chat/MessageList.tsx:87:34
Parsing ecmascript source code failed
  85 |                           case "step-start":
  86 |                             return partIndex > 0 ? <hr key={partIndex} className="my-3 border-neutral-200" /> : null;
> 87 |                           default:
     |                                  ^
  88 |                             return null;
  89 |                         }
  90 |                       })}

Expected '</', got ':'

Import traces:
  Client Component Browser:
    ./src/components/chat/MessageList.tsx [Client Component Browser]
    ./src/components/chat/ChatInterface.tsx [Client Component Browser]
    ./src/app/main-content.tsx [Client Component Browser]
    ./src/app/main-content.tsx [Server Component]
    ./src/app/page.tsx [Server Component]

  Client Component SSR:
    ./src/components/chat/MessageList.tsx [Client Component SSR]
    ./src/components/chat/ChatInterface.tsx [Client Component SSR]
    ./src/app/main-content.tsx [Client Component SSR]
    ./src/app/main-content.tsx [Server Component]
    ./src/app/page.tsx [Server Component] @ http://localhost:3000/_next/static/chunks/node_modules_next_dist_b0daae9a._.js:2359
[  240394ms] [ERROR] ./src/components/chat/MessageList.tsx:87:34
Parsing ecmascript source code failed
  85 |                           case "step-start":
  86 |                             return partIndex > 0 ? <hr key={partIndex} className="my-3 border-neutral-200" /> : null;
> 87 |                           default:
     |                                  ^
  88 |                             return null;
  89 |                         }
  90 |                       })}

Expected '</', got ':'

Import traces:
  Client Component Browser:
    ./src/components/chat/MessageList.tsx [Client Component Browser]
    ./src/components/chat/ChatInterface.tsx [Client Component Browser]
    ./src/app/main-content.tsx [Client Component Browser]
    ./src/app/main-content.tsx [Server Component]
    ./src/app/page.tsx [Server Component]

  Client Component SSR:
    ./src/components/chat/MessageList.tsx [Client Component SSR]
    ./src/components/chat/ChatInterface.tsx [Client Component SSR]
    ./src/app/main-content.tsx [Client Component SSR]
    ./src/app/main-content.tsx [Server Component]
    ./src/app/page.tsx [Server Component] @ http://localhost:3000/_next/static/chunks/node_modules_next_dist_b0daae9a._.js:2359
[  240458ms] [ERROR] ./src/components/chat/MessageList.tsx:87:34
Parsing ecmascript source code failed
  85 |                           case "step-start":
  86 |                             return partIndex > 0 ? <hr key={partIndex} className="my-3 border-neutral-200" /> : null;
> 87 |                           default:
     |                                  ^
  88 |                             return null;
  89 |                         }
  90 |                       })}

Expected '</', got ':'

Import traces:
  Client Component Browser:
    ./src/components/chat/MessageList.tsx [Client Component Browser]
    ./src/components/chat/ChatInterface.tsx [Client Component Browser]
    ./src/app/main-content.tsx [Client Component Browser]
    ./src/app/main-content.tsx [Server Component]
    ./src/app/page.tsx [Server Component]

  Client Component SSR:
    ./src/components/chat/MessageList.tsx [Client Component SSR]
    ./src/components/chat/ChatInterface.tsx [Client Component SSR]
    ./src/app/main-content.tsx [Client Component SSR]
    ./src/app/main-content.tsx [Server Component]
    ./src/app/page.tsx [Server Component] @ http://localhost:3000/_next/static/chunks/node_modules_next_dist_b0daae9a._.js:2359
[  240521ms] [ERROR] ./src/components/chat/MessageList.tsx:87:34
Parsing ecmascript source code failed
  85 |                           case "step-start":
  86 |                             return partIndex > 0 ? <hr key={partIndex} className="my-3 border-neutral-200" /> : null;
> 87 |                           default:
     |                                  ^
  88 |                             return null;
  89 |                         }
  90 |                       })}

Expected '</', got ':'

Import traces:
  Client Component Browser:
    ./src/components/chat/MessageList.tsx [Client Component Browser]
    ./src/components/chat/ChatInterface.tsx [Client Component Browser]
    ./src/app/main-content.tsx [Client Component Browser]
    ./src/app/main-content.tsx [Server Component]
    ./src/app/page.tsx [Server Component]

  Client Component SSR:
    ./src/components/chat/MessageList.tsx [Client Component SSR]
    ./src/components/chat/ChatInterface.tsx [Client Component SSR]
    ./src/app/main-content.tsx [Client Component SSR]
    ./src/app/main-content.tsx [Server Component]
    ./src/app/page.tsx [Server Component] @ http://localhost:3000/_next/static/chunks/node_modules_next_dist_b0daae9a._.js:2359
[  240585ms] [ERROR] ./src/components/chat/MessageList.tsx:87:34
Parsing ecmascript source code failed
  85 |                           case "step-start":
  86 |                             return partIndex > 0 ? <hr key={partIndex} className="my-3 border-neutral-200" /> : null;
> 87 |                           default:
     |                                  ^
  88 |                             return null;
  89 |                         }
  90 |                       })}

Expected '</', got ':'

Import traces:
  Client Component Browser:
    ./src/components/chat/MessageList.tsx [Client Component Browser]
    ./src/components/chat/ChatInterface.tsx [Client Component Browser]
    ./src/app/main-content.tsx [Client Component Browser]
    ./src/app/main-content.tsx [Server Component]
    ./src/app/page.tsx [Server Component]

  Client Component SSR:
    ./src/components/chat/MessageList.tsx [Client Component SSR]
    ./src/components/chat/ChatInterface.tsx [Client Component SSR]
    ./src/app/main-content.tsx [Client Component SSR]
    ./src/app/main-content.tsx [Server Component]
    ./src/app/page.tsx [Server Component] @ http://localhost:3000/_next/static/chunks/node_modules_next_dist_b0daae9a._.js:2359
[  240636ms] [ERROR] ./src/components/chat/MessageList.tsx:87:34
Parsing ecmascript source code failed
  85 |                           case "step-start":
  86 |                             return partIndex > 0 ? <hr key={partIndex} className="my-3 border-neutral-200" /> : null;
> 87 |                           default:
     |                                  ^
  88 |                             return null;
  89 |                         }
  90 |                       })}

Expected '</', got ':'

Import traces:
  Client Component Browser:
    ./src/components/chat/MessageList.tsx [Client Component Browser]
    ./src/components/chat/ChatInterface.tsx [Client Component Browser]
    ./src/app/main-content.tsx [Client Component Browser]
    ./src/app/main-content.tsx [Server Component]
    ./src/app/page.tsx [Server Component]

  Client Component SSR:
    ./src/components/chat/MessageList.tsx [Client Component SSR]
    ./src/components/chat/ChatInterface.tsx [Client Component SSR]
    ./src/app/main-content.tsx [Client Component SSR]
    ./src/app/main-content.tsx [Server Component]
    ./src/app/page.tsx [Server Component] @ http://localhost:3000/_next/static/chunks/node_modules_next_dist_b0daae9a._.js:2359
[  240700ms] [ERROR] ./src/components/chat/MessageList.tsx:87:34
Parsing ecmascript source code failed
  85 |                           case "step-start":
  86 |                             return partIndex > 0 ? <hr key={partIndex} className="my-3 border-neutral-200" /> : null;
> 87 |                           default:
     |                                  ^
  88 |                             return null;
  89 |                         }
  90 |                       })}

Expected '</', got ':'

Import traces:
  Client Component Browser:
    ./src/components/chat/MessageList.tsx [Client Component Browser]
    ./src/components/chat/ChatInterface.tsx [Client Component Browser]
    ./src/app/main-content.tsx [Client Component Browser]
    ./src/app/main-content.tsx [Server Component]
    ./src/app/page.tsx [Server Component]

  Client Component SSR:
    ./src/components/chat/MessageList.tsx [Client Component SSR]
    ./src/components/chat/ChatInterface.tsx [Client Component SSR]
    ./src/app/main-content.tsx [Client Component SSR]
    ./src/app/main-content.tsx [Server Component]
    ./src/app/page.tsx [Server Component] @ http://localhost:3000/_next/static/chunks/node_modules_next_dist_b0daae9a._.js:2359
[  240752ms] [ERROR] ./src/components/chat/MessageList.tsx:87:34
Parsing ecmascript source code failed
  85 |                           case "step-start":
  86 |                             return partIndex > 0 ? <hr key={partIndex} className="my-3 border-neutral-200" /> : null;
> 87 |                           default:
     |                                  ^
  88 |                             return null;
  89 |                         }
  90 |                       })}

Expected '</', got ':'

Import traces:
  Client Component Browser:
    ./src/components/chat/MessageList.tsx [Client Component Browser]
    ./src/components/chat/ChatInterface.tsx [Client Component Browser]
    ./src/app/main-content.tsx [Client Component Browser]
    ./src/app/main-content.tsx [Server Component]
    ./src/app/page.tsx [Server Component]

  Client Component SSR:
    ./src/components/chat/MessageList.tsx [Client Component SSR]
    ./src/components/chat/ChatInterface.tsx [Client Component SSR]
    ./src/app/main-content.tsx [Client Component SSR]
    ./src/app/main-content.tsx [Server Component]
    ./src/app/page.tsx [Server Component] @ http://localhost:3000/_next/static/chunks/node_modules_next_dist_b0daae9a._.js:2359
[  240802ms] [ERROR] ./src/components/chat/MessageList.tsx:87:34
Parsing ecmascript source code failed
  85 |                           case "step-start":
  86 |                             return partIndex > 0 ? <hr key={partIndex} className="my-3 border-neutral-200" /> : null;
> 87 |                           default:
     |                                  ^
  88 |                             return null;
  89 |                         }
  90 |                       })}

Expected '</', got ':'

Import traces:
  Client Component Browser:
    ./src/components/chat/MessageList.tsx [Client Component Browser]
    ./src/components/chat/ChatInterface.tsx [Client Component Browser]
    ./src/app/main-content.tsx [Client Component Browser]
    ./src/app/main-content.tsx [Server Component]
    ./src/app/page.tsx [Server Component]

  Client Component SSR:
    ./src/components/chat/MessageList.tsx [Client Component SSR]
    ./src/components/chat/ChatInterface.tsx [Client Component SSR]
    ./src/app/main-content.tsx [Client Component SSR]
    ./src/app/main-content.tsx [Server Component]
    ./src/app/page.tsx [Server Component] @ http://localhost:3000/_next/static/chunks/node_modules_next_dist_b0daae9a._.js:2359
[  240848ms] [ERROR] ./src/components/chat/MessageList.tsx:87:34
Parsing ecmascript source code failed
  85 |                           case "step-start":
  86 |                             return partIndex > 0 ? <hr key={partIndex} className="my-3 border-neutral-200" /> : null;
> 87 |                           default:
     |                                  ^
  88 |                             return null;
  89 |                         }
  90 |                       })}

Expected '</', got ':'

Import traces:
  Client Component Browser:
    ./src/components/chat/MessageList.tsx [Client Component Browser]
    ./src/components/chat/ChatInterface.tsx [Client Component Browser]
    ./src/app/main-content.tsx [Client Component Browser]
    ./src/app/main-content.tsx [Server Component]
    ./src/app/page.tsx [Server Component]

  Client Component SSR:
    ./src/components/chat/MessageList.tsx [Client Component SSR]
    ./src/components/chat/ChatInterface.tsx [Client Component SSR]
    ./src/app/main-content.tsx [Client Component SSR]
    ./src/app/main-content.tsx [Server Component]
    ./src/app/page.tsx [Server Component] @ http://localhost:3000/_next/static/chunks/node_modules_next_dist_b0daae9a._.js:2359
[  240894ms] [ERROR] ./src/components/chat/MessageList.tsx:87:34
Parsing ecmascript source code failed
  85 |                           case "step-start":
  86 |                             return partIndex > 0 ? <hr key={partIndex} className="my-3 border-neutral-200" /> : null;
> 87 |                           default:
     |                                  ^
  88 |                             return null;
  89 |                         }
  90 |                       })}

Expected '</', got ':'

Import traces:
  Client Component Browser:
    ./src/components/chat/MessageList.tsx [Client Component Browser]
    ./src/components/chat/ChatInterface.tsx [Client Component Browser]
    ./src/app/main-content.tsx [Client Component Browser]
    ./src/app/main-content.tsx [Server Component]
    ./src/app/page.tsx [Server Component]

  Client Component SSR:
    ./src/components/chat/MessageList.tsx [Client Component SSR]
    ./src/components/chat/ChatInterface.tsx [Client Component SSR]
    ./src/app/main-content.tsx [Client Component SSR]
    ./src/app/main-content.tsx [Server Component]
    ./src/app/page.tsx [Server Component] @ http://localhost:3000/_next/static/chunks/node_modules_next_dist_b0daae9a._.js:2359
[  240936ms] [ERROR] ./src/components/chat/MessageList.tsx:87:34
Parsing ecmascript source code failed
  85 |                           case "step-start":
  86 |                             return partIndex > 0 ? <hr key={partIndex} className="my-3 border-neutral-200" /> : null;
> 87 |                           default:
     |                                  ^
  88 |                             return null;
  89 |                         }
  90 |                       })}

Expected '</', got ':'

Import traces:
  Client Component Browser:
    ./src/components/chat/MessageList.tsx [Client Component Browser]
    ./src/components/chat/ChatInterface.tsx [Client Component Browser]
    ./src/app/main-content.tsx [Client Component Browser]
    ./src/app/main-content.tsx [Server Component]
    ./src/app/page.tsx [Server Component]

  Client Component SSR:
    ./src/components/chat/MessageList.tsx [Client Component SSR]
    ./src/components/chat/ChatInterface.tsx [Client Component SSR]
    ./src/app/main-content.tsx [Client Component SSR]
    ./src/app/main-content.tsx [Server Component]
    ./src/app/page.tsx [Server Component] @ http://localhost:3000/_next/static/chunks/node_modules_next_dist_b0daae9a._.js:2359
[  240982ms] [ERROR] ./src/components/chat/MessageList.tsx:87:34
Parsing ecmascript source code failed
  85 |                           case "step-start":
  86 |                             return partIndex > 0 ? <hr key={partIndex} className="my-3 border-neutral-200" /> : null;
> 87 |                           default:
     |                                  ^
  88 |                             return null;
  89 |                         }
  90 |                       })}

Expected '</', got ':'

Import traces:
  Client Component Browser:
    ./src/components/chat/MessageList.tsx [Client Component Browser]
    ./src/components/chat/ChatInterface.tsx [Client Component Browser]
    ./src/app/main-content.tsx [Client Component Browser]
    ./src/app/main-content.tsx [Server Component]
    ./src/app/page.tsx [Server Component]

  Client Component SSR:
    ./src/components/chat/MessageList.tsx [Client Component SSR]
    ./src/components/chat/ChatInterface.tsx [Client Component SSR]
    ./src/app/main-content.tsx [Client Component SSR]
    ./src/app/main-content.tsx [Server Component]
    ./src/app/page.tsx [Server Component] @ http://localhost:3000/_next/static/chunks/node_modules_next_dist_b0daae9a._.js:2359
[  241033ms] [ERROR] ./src/components/chat/MessageList.tsx:87:34
Parsing ecmascript source code failed
  85 |                           case "step-start":
  86 |                             return partIndex > 0 ? <hr key={partIndex} className="my-3 border-neutral-200" /> : null;
> 87 |                           default:
     |                                  ^
  88 |                             return null;
  89 |                         }
  90 |                       })}

Expected '</', got ':'

Import traces:
  Client Component Browser:
    ./src/components/chat/MessageList.tsx [Client Component Browser]
    ./src/components/chat/ChatInterface.tsx [Client Component Browser]
    ./src/app/main-content.tsx [Client Component Browser]
    ./src/app/main-content.tsx [Server Component]
    ./src/app/page.tsx [Server Component]

  Client Component SSR:
    ./src/components/chat/MessageList.tsx [Client Component SSR]
    ./src/components/chat/ChatInterface.tsx [Client Component SSR]
    ./src/app/main-content.tsx [Client Component SSR]
    ./src/app/main-content.tsx [Server Component]
    ./src/app/page.tsx [Server Component] @ http://localhost:3000/_next/static/chunks/node_modules_next_dist_b0daae9a._.js:2359
[  241086ms] [ERROR] ./src/components/chat/MessageList.tsx:87:34
Parsing ecmascript source code failed
  85 |                           case "step-start":
  86 |                             return partIndex > 0 ? <hr key={partIndex} className="my-3 border-neutral-200" /> : null;
> 87 |                           default:
     |                                  ^
  88 |                             return null;
  89 |                         }
  90 |                       })}

Expected '</', got ':'

Import traces:
  Client Component Browser:
    ./src/components/chat/MessageList.tsx [Client Component Browser]
    ./src/components/chat/ChatInterface.tsx [Client Component Browser]
    ./src/app/main-content.tsx [Client Component Browser]
    ./src/app/main-content.tsx [Server Component]
    ./src/app/page.tsx [Server Component]

  Client Component SSR:
    ./src/components/chat/MessageList.tsx [Client Component SSR]
    ./src/components/chat/ChatInterface.tsx [Client Component SSR]
    ./src/app/main-content.tsx [Client Component SSR]
    ./src/app/main-content.tsx [Server Component]
    ./src/app/page.tsx [Server Component] @ http://localhost:3000/_next/static/chunks/node_modules_next_dist_b0daae9a._.js:2359
[  241137ms] [ERROR] ./src/components/chat/MessageList.tsx:87:34
Parsing ecmascript source code failed
  85 |                           case "step-start":
  86 |                             return partIndex > 0 ? <hr key={partIndex} className="my-3 border-neutral-200" /> : null;
> 87 |                           default:
     |                                  ^
  88 |                             return null;
  89 |                         }
  90 |                       })}

Expected '</', got ':'

Import traces:
  Client Component Browser:
    ./src/components/chat/MessageList.tsx [Client Component Browser]
    ./src/components/chat/ChatInterface.tsx [Client Component Browser]
    ./src/app/main-content.tsx [Client Component Browser]
    ./src/app/main-content.tsx [Server Component]
    ./src/app/page.tsx [Server Component]

  Client Component SSR:
    ./src/components/chat/MessageList.tsx [Client Component SSR]
    ./src/components/chat/ChatInterface.tsx [Client Component SSR]
    ./src/app/main-content.tsx [Client Component SSR]
    ./src/app/main-content.tsx [Server Component]
    ./src/app/page.tsx [Server Component] @ http://localhost:3000/_next/static/chunks/node_modules_next_dist_b0daae9a._.js:2359
[  241184ms] [ERROR] ./src/components/chat/MessageList.tsx:87:34
Parsing ecmascript source code failed
  85 |                           case "step-start":
  86 |                             return partIndex > 0 ? <hr key={partIndex} className="my-3 border-neutral-200" /> : null;
> 87 |                           default:
     |                                  ^
  88 |                             return null;
  89 |                         }
  90 |                       })}

Expected '</', got ':'

Import traces:
  Client Component Browser:
    ./src/components/chat/MessageList.tsx [Client Component Browser]
    ./src/components/chat/ChatInterface.tsx [Client Component Browser]
    ./src/app/main-content.tsx [Client Component Browser]
    ./src/app/main-content.tsx [Server Component]
    ./src/app/page.tsx [Server Component]

  Client Component SSR:
    ./src/components/chat/MessageList.tsx [Client Component SSR]
    ./src/components/chat/ChatInterface.tsx [Client Component SSR]
    ./src/app/main-content.tsx [Client Component SSR]
    ./src/app/main-content.tsx [Server Component]
    ./src/app/page.tsx [Server Component] @ http://localhost:3000/_next/static/chunks/node_modules_next_dist_b0daae9a._.js:2359
[  241232ms] [ERROR] ./src/components/chat/MessageList.tsx:87:34
Parsing ecmascript source code failed
  85 |                           case "step-start":
  86 |                             return partIndex > 0 ? <hr key={partIndex} className="my-3 border-neutral-200" /> : null;
> 87 |                           default:
     |                                  ^
  88 |                             return null;
  89 |                         }
  90 |                       })}

Expected '</', got ':'

Import traces:
  Client Component Browser:
    ./src/components/chat/MessageList.tsx [Client Component Browser]
    ./src/components/chat/ChatInterface.tsx [Client Component Browser]
    ./src/app/main-content.tsx [Client Component Browser]
    ./src/app/main-content.tsx [Server Component]
    ./src/app/page.tsx [Server Component]

  Client Component SSR:
    ./src/components/chat/MessageList.tsx [Client Component SSR]
    ./src/components/chat/ChatInterface.tsx [Client Component SSR]
    ./src/app/main-content.tsx [Client Component SSR]
    ./src/app/main-content.tsx [Server Component]
    ./src/app/page.tsx [Server Component] @ http://localhost:3000/_next/static/chunks/node_modules_next_dist_b0daae9a._.js:2359
[  241286ms] [ERROR] ./src/components/chat/MessageList.tsx:87:34
Parsing ecmascript source code failed
  85 |                           case "step-start":
  86 |                             return partIndex > 0 ? <hr key={partIndex} className="my-3 border-neutral-200" /> : null;
> 87 |                           default:
     |                                  ^
  88 |                             return null;
  89 |                         }
  90 |                       })}

Expected '</', got ':'

Import traces:
  Client Component Browser:
    ./src/components/chat/MessageList.tsx [Client Component Browser]
    ./src/components/chat/ChatInterface.tsx [Client Component Browser]
    ./src/app/main-content.tsx [Client Component Browser]
    ./src/app/main-content.tsx [Server Component]
    ./src/app/page.tsx [Server Component]

  Client Component SSR:
    ./src/components/chat/MessageList.tsx [Client Component SSR]
    ./src/components/chat/ChatInterface.tsx [Client Component SSR]
    ./src/app/main-content.tsx [Client Component SSR]
    ./src/app/main-content.tsx [Server Component]
    ./src/app/page.tsx [Server Component] @ http://localhost:3000/_next/static/chunks/node_modules_next_dist_b0daae9a._.js:2359
[  241332ms] [ERROR] ./src/components/chat/MessageList.tsx:87:34
Parsing ecmascript source code failed
  85 |                           case "step-start":
  86 |                             return partIndex > 0 ? <hr key={partIndex} className="my-3 border-neutral-200" /> : null;
> 87 |                           default:
     |                                  ^
  88 |                             return null;
  89 |                         }
  90 |                       })}

Expected '</', got ':'

Import traces:
  Client Component Browser:
    ./src/components/chat/MessageList.tsx [Client Component Browser]
    ./src/components/chat/ChatInterface.tsx [Client Component Browser]
    ./src/app/main-content.tsx [Client Component Browser]
    ./src/app/main-content.tsx [Server Component]
    ./src/app/page.tsx [Server Component]

  Client Component SSR:
    ./src/components/chat/MessageList.tsx [Client Component SSR]
    ./src/components/chat/ChatInterface.tsx [Client Component SSR]
    ./src/app/main-content.tsx [Client Component SSR]
    ./src/app/main-content.tsx [Server Component]
    ./src/app/page.tsx [Server Component] @ http://localhost:3000/_next/static/chunks/node_modules_next_dist_b0daae9a._.js:2359
[  241388ms] [ERROR] ./src/components/chat/MessageList.tsx:87:34
Parsing ecmascript source code failed
  85 |                           case "step-start":
  86 |                             return partIndex > 0 ? <hr key={partIndex} className="my-3 border-neutral-200" /> : null;
> 87 |                           default:
     |                                  ^
  88 |                             return null;
  89 |                         }
  90 |                       })}

Expected '</', got ':'

Import traces:
  Client Component Browser:
    ./src/components/chat/MessageList.tsx [Client Component Browser]
    ./src/components/chat/ChatInterface.tsx [Client Component Browser]
    ./src/app/main-content.tsx [Client Component Browser]
    ./src/app/main-content.tsx [Server Component]
    ./src/app/page.tsx [Server Component]

  Client Component SSR:
    ./src/components/chat/MessageList.tsx [Client Component SSR]
    ./src/components/chat/ChatInterface.tsx [Client Component SSR]
    ./src/app/main-content.tsx [Client Component SSR]
    ./src/app/main-content.tsx [Server Component]
    ./src/app/page.tsx [Server Component] @ http://localhost:3000/_next/static/chunks/node_modules_next_dist_b0daae9a._.js:2359
[  241438ms] [ERROR] ./src/components/chat/MessageList.tsx:87:34
Parsing ecmascript source code failed
  85 |                           case "step-start":
  86 |                             return partIndex > 0 ? <hr key={partIndex} className="my-3 border-neutral-200" /> : null;
> 87 |                           default:
     |                                  ^
  88 |                             return null;
  89 |                         }
  90 |                       })}

Expected '</', got ':'

Import traces:
  Client Component Browser:
    ./src/components/chat/MessageList.tsx [Client Component Browser]
    ./src/components/chat/ChatInterface.tsx [Client Component Browser]
    ./src/app/main-content.tsx [Client Component Browser]
    ./src/app/main-content.tsx [Server Component]
    ./src/app/page.tsx [Server Component]

  Client Component SSR:
    ./src/components/chat/MessageList.tsx [Client Component SSR]
    ./src/components/chat/ChatInterface.tsx [Client Component SSR]
    ./src/app/main-content.tsx [Client Component SSR]
    ./src/app/main-content.tsx [Server Component]
    ./src/app/page.tsx [Server Component] @ http://localhost:3000/_next/static/chunks/node_modules_next_dist_b0daae9a._.js:2359
[  241495ms] [ERROR] ./src/components/chat/MessageList.tsx:87:34
Parsing ecmascript source code failed
  85 |                           case "step-start":
  86 |                             return partIndex > 0 ? <hr key={partIndex} className="my-3 border-neutral-200" /> : null;
> 87 |                           default:
     |                                  ^
  88 |                             return null;
  89 |                         }
  90 |                       })}

Expected '</', got ':'

Import traces:
  Client Component Browser:
    ./src/components/chat/MessageList.tsx [Client Component Browser]
    ./src/components/chat/ChatInterface.tsx [Client Component Browser]
    ./src/app/main-content.tsx [Client Component Browser]
    ./src/app/main-content.tsx [Server Component]
    ./src/app/page.tsx [Server Component]

  Client Component SSR:
    ./src/components/chat/MessageList.tsx [Client Component SSR]
    ./src/components/chat/ChatInterface.tsx [Client Component SSR]
    ./src/app/main-content.tsx [Client Component SSR]
    ./src/app/main-content.tsx [Server Component]
    ./src/app/page.tsx [Server Component] @ http://localhost:3000/_next/static/chunks/node_modules_next_dist_b0daae9a._.js:2359
[  241558ms] [ERROR] ./src/components/chat/MessageList.tsx:87:34
Parsing ecmascript source code failed
  85 |                           case "step-start":
  86 |                             return partIndex > 0 ? <hr key={partIndex} className="my-3 border-neutral-200" /> : null;
> 87 |                           default:
     |                                  ^
  88 |                             return null;
  89 |                         }
  90 |                       })}

Expected '</', got ':'

Import traces:
  Client Component Browser:
    ./src/components/chat/MessageList.tsx [Client Component Browser]
    ./src/components/chat/ChatInterface.tsx [Client Component Browser]
    ./src/app/main-content.tsx [Client Component Browser]
    ./src/app/main-content.tsx [Server Component]
    ./src/app/page.tsx [Server Component]

  Client Component SSR:
    ./src/components/chat/MessageList.tsx [Client Component SSR]
    ./src/components/chat/ChatInterface.tsx [Client Component SSR]
    ./src/app/main-content.tsx [Client Component SSR]
    ./src/app/main-content.tsx [Server Component]
    ./src/app/page.tsx [Server Component] @ http://localhost:3000/_next/static/chunks/node_modules_next_dist_b0daae9a._.js:2359
[  241620ms] [ERROR] ./src/components/chat/MessageList.tsx:87:34
Parsing ecmascript source code failed
  85 |                           case "step-start":
  86 |                             return partIndex > 0 ? <hr key={partIndex} className="my-3 border-neutral-200" /> : null;
> 87 |                           default:
     |                                  ^
  88 |                             return null;
  89 |                         }
  90 |                       })}

Expected '</', got ':'

Import traces:
  Client Component Browser:
    ./src/components/chat/MessageList.tsx [Client Component Browser]
    ./src/components/chat/ChatInterface.tsx [Client Component Browser]
    ./src/app/main-content.tsx [Client Component Browser]
    ./src/app/main-content.tsx [Server Component]
    ./src/app/page.tsx [Server Component]

  Client Component SSR:
    ./src/components/chat/MessageList.tsx [Client Component SSR]
    ./src/components/chat/ChatInterface.tsx [Client Component SSR]
    ./src/app/main-content.tsx [Client Component SSR]
    ./src/app/main-content.tsx [Server Component]
    ./src/app/page.tsx [Server Component] @ http://localhost:3000/_next/static/chunks/node_modules_next_dist_b0daae9a._.js:2359
[  241669ms] [ERROR] ./src/components/chat/MessageList.tsx:87:34
Parsing ecmascript source code failed
  85 |                           case "step-start":
  86 |                             return partIndex > 0 ? <hr key={partIndex} className="my-3 border-neutral-200" /> : null;
> 87 |                           default:
     |                                  ^
  88 |                             return null;
  89 |                         }
  90 |                       })}

Expected '</', got ':'

Import traces:
  Client Component Browser:
    ./src/components/chat/MessageList.tsx [Client Component Browser]
    ./src/components/chat/ChatInterface.tsx [Client Component Browser]
    ./src/app/main-content.tsx [Client Component Browser]
    ./src/app/main-content.tsx [Server Component]
    ./src/app/page.tsx [Server Component]

  Client Component SSR:
    ./src/components/chat/MessageList.tsx [Client Component SSR]
    ./src/components/chat/ChatInterface.tsx [Client Component SSR]
    ./src/app/main-content.tsx [Client Component SSR]
    ./src/app/main-content.tsx [Server Component]
    ./src/app/page.tsx [Server Component] @ http://localhost:3000/_next/static/chunks/node_modules_next_dist_b0daae9a._.js:2359
[  241735ms] [ERROR] ./src/components/chat/MessageList.tsx:87:34
Parsing ecmascript source code failed
  85 |                           case "step-start":
  86 |                             return partIndex > 0 ? <hr key={partIndex} className="my-3 border-neutral-200" /> : null;
> 87 |                           default:
     |                                  ^
  88 |                             return null;
  89 |                         }
  90 |                       })}

Expected '</', got ':'

Import traces:
  Client Component Browser:
    ./src/components/chat/MessageList.tsx [Client Component Browser]
    ./src/components/chat/ChatInterface.tsx [Client Component Browser]
    ./src/app/main-content.tsx [Client Component Browser]
    ./src/app/main-content.tsx [Server Component]
    ./src/app/page.tsx [Server Component]

  Client Component SSR:
    ./src/components/chat/MessageList.tsx [Client Component SSR]
    ./src/components/chat/ChatInterface.tsx [Client Component SSR]
    ./src/app/main-content.tsx [Client Component SSR]
    ./src/app/main-content.tsx [Server Component]
    ./src/app/page.tsx [Server Component] @ http://localhost:3000/_next/static/chunks/node_modules_next_dist_b0daae9a._.js:2359
[  241788ms] [ERROR] ./src/components/chat/MessageList.tsx:87:34
Parsing ecmascript source code failed
  85 |                           case "step-start":
  86 |                             return partIndex > 0 ? <hr key={partIndex} className="my-3 border-neutral-200" /> : null;
> 87 |                           default:
     |                                  ^
  88 |                             return null;
  89 |                         }
  90 |                       })}

Expected '</', got ':'

Import traces:
  Client Component Browser:
    ./src/components/chat/MessageList.tsx [Client Component Browser]
    ./src/components/chat/ChatInterface.tsx [Client Component Browser]
    ./src/app/main-content.tsx [Client Component Browser]
    ./src/app/main-content.tsx [Server Component]
    ./src/app/page.tsx [Server Component]

  Client Component SSR:
    ./src/components/chat/MessageList.tsx [Client Component SSR]
    ./src/components/chat/ChatInterface.tsx [Client Component SSR]
    ./src/app/main-content.tsx [Client Component SSR]
    ./src/app/main-content.tsx [Server Component]
    ./src/app/page.tsx [Server Component] @ http://localhost:3000/_next/static/chunks/node_modules_next_dist_b0daae9a._.js:2359
[  241850ms] [ERROR] ./src/components/chat/MessageList.tsx:87:34
Parsing ecmascript source code failed
  85 |                           case "step-start":
  86 |                             return partIndex > 0 ? <hr key={partIndex} className="my-3 border-neutral-200" /> : null;
> 87 |                           default:
     |                                  ^
  88 |                             return null;
  89 |                         }
  90 |                       })}

Expected '</', got ':'

Import traces:
  Client Component Browser:
    ./src/components/chat/MessageList.tsx [Client Component Browser]
    ./src/components/chat/ChatInterface.tsx [Client Component Browser]
    ./src/app/main-content.tsx [Client Component Browser]
    ./src/app/main-content.tsx [Server Component]
    ./src/app/page.tsx [Server Component]

  Client Component SSR:
    ./src/components/chat/MessageList.tsx [Client Component SSR]
    ./src/components/chat/ChatInterface.tsx [Client Component SSR]
    ./src/app/main-content.tsx [Client Component SSR]
    ./src/app/main-content.tsx [Server Component]
    ./src/app/page.tsx [Server Component] @ http://localhost:3000/_next/static/chunks/node_modules_next_dist_b0daae9a._.js:2359
[  241915ms] [ERROR] ./src/components/chat/MessageList.tsx:87:34
Parsing ecmascript source code failed
  85 |                           case "step-start":
  86 |                             return partIndex > 0 ? <hr key={partIndex} className="my-3 border-neutral-200" /> : null;
> 87 |                           default:
     |                                  ^
  88 |                             return null;
  89 |                         }
  90 |                       })}

Expected '</', got ':'

Import traces:
  Client Component Browser:
    ./src/components/chat/MessageList.tsx [Client Component Browser]
    ./src/components/chat/ChatInterface.tsx [Client Component Browser]
    ./src/app/main-content.tsx [Client Component Browser]
    ./src/app/main-content.tsx [Server Component]
    ./src/app/page.tsx [Server Component]

  Client Component SSR:
    ./src/components/chat/MessageList.tsx [Client Component SSR]
    ./src/components/chat/ChatInterface.tsx [Client Component SSR]
    ./src/app/main-content.tsx [Client Component SSR]
    ./src/app/main-content.tsx [Server Component]
    ./src/app/page.tsx [Server Component] @ http://localhost:3000/_next/static/chunks/node_modules_next_dist_b0daae9a._.js:2359
[  241977ms] [ERROR] ./src/components/chat/MessageList.tsx:87:34
Parsing ecmascript source code failed
  85 |                           case "step-start":
  86 |                             return partIndex > 0 ? <hr key={partIndex} className="my-3 border-neutral-200" /> : null;
> 87 |                           default:
     |                                  ^
  88 |                             return null;
  89 |                         }
  90 |                       })}

Expected '</', got ':'

Import traces:
  Client Component Browser:
    ./src/components/chat/MessageList.tsx [Client Component Browser]
    ./src/components/chat/ChatInterface.tsx [Client Component Browser]
    ./src/app/main-content.tsx [Client Component Browser]
    ./src/app/main-content.tsx [Server Component]
    ./src/app/page.tsx [Server Component]

  Client Component SSR:
    ./src/components/chat/MessageList.tsx [Client Component SSR]
    ./src/components/chat/ChatInterface.tsx [Client Component SSR]
    ./src/app/main-content.tsx [Client Component SSR]
    ./src/app/main-content.tsx [Server Component]
    ./src/app/page.tsx [Server Component] @ http://localhost:3000/_next/static/chunks/node_modules_next_dist_b0daae9a._.js:2359
[  242026ms] [ERROR] ./src/components/chat/MessageList.tsx:87:34
Parsing ecmascript source code failed
  85 |                           case "step-start":
  86 |                             return partIndex > 0 ? <hr key={partIndex} className="my-3 border-neutral-200" /> : null;
> 87 |                           default:
     |                                  ^
  88 |                             return null;
  89 |                         }
  90 |                       })}

Expected '</', got ':'

Import traces:
  Client Component Browser:
    ./src/components/chat/MessageList.tsx [Client Component Browser]
    ./src/components/chat/ChatInterface.tsx [Client Component Browser]
    ./src/app/main-content.tsx [Client Component Browser]
    ./src/app/main-content.tsx [Server Component]
    ./src/app/page.tsx [Server Component]

  Client Component SSR:
    ./src/components/chat/MessageList.tsx [Client Component SSR]
    ./src/components/chat/ChatInterface.tsx [Client Component SSR]
    ./src/app/main-content.tsx [Client Component SSR]
    ./src/app/main-content.tsx [Server Component]
    ./src/app/page.tsx [Server Component] @ http://localhost:3000/_next/static/chunks/node_modules_next_dist_b0daae9a._.js:2359
[  242088ms] [ERROR] ./src/components/chat/MessageList.tsx:87:34
Parsing ecmascript source code failed
  85 |                           case "step-start":
  86 |                             return partIndex > 0 ? <hr key={partIndex} className="my-3 border-neutral-200" /> : null;
> 87 |                           default:
     |                                  ^
  88 |                             return null;
  89 |                         }
  90 |                       })}

Expected '</', got ':'

Import traces:
  Client Component Browser:
    ./src/components/chat/MessageList.tsx [Client Component Browser]
    ./src/components/chat/ChatInterface.tsx [Client Component Browser]
    ./src/app/main-content.tsx [Client Component Browser]
    ./src/app/main-content.tsx [Server Component]
    ./src/app/page.tsx [Server Component]

  Client Component SSR:
    ./src/components/chat/MessageList.tsx [Client Component SSR]
    ./src/components/chat/ChatInterface.tsx [Client Component SSR]
    ./src/app/main-content.tsx [Client Component SSR]
    ./src/app/main-content.tsx [Server Component]
    ./src/app/page.tsx [Server Component] @ http://localhost:3000/_next/static/chunks/node_modules_next_dist_b0daae9a._.js:2359
[  242136ms] [ERROR] ./src/components/chat/MessageList.tsx:87:34
Parsing ecmascript source code failed
  85 |                           case "step-start":
  86 |                             return partIndex > 0 ? <hr key={partIndex} className="my-3 border-neutral-200" /> : null;
> 87 |                           default:
     |                                  ^
  88 |                             return null;
  89 |                         }
  90 |                       })}

Expected '</', got ':'

Import traces:
  Client Component Browser:
    ./src/components/chat/MessageList.tsx [Client Component Browser]
    ./src/components/chat/ChatInterface.tsx [Client Component Browser]
    ./src/app/main-content.tsx [Client Component Browser]
    ./src/app/main-content.tsx [Server Component]
    ./src/app/page.tsx [Server Component]

  Client Component SSR:
    ./src/components/chat/MessageList.tsx [Client Component SSR]
    ./src/components/chat/ChatInterface.tsx [Client Component SSR]
    ./src/app/main-content.tsx [Client Component SSR]
    ./src/app/main-content.tsx [Server Component]
    ./src/app/page.tsx [Server Component] @ http://localhost:3000/_next/static/chunks/node_modules_next_dist_b0daae9a._.js:2359
[  242200ms] [ERROR] ./src/components/chat/MessageList.tsx:87:34
Parsing ecmascript source code failed
  85 |                           case "step-start":
  86 |                             return partIndex > 0 ? <hr key={partIndex} className="my-3 border-neutral-200" /> : null;
> 87 |                           default:
     |                                  ^
  88 |                             return null;
  89 |                         }
  90 |                       })}

Expected '</', got ':'

Import traces:
  Client Component Browser:
    ./src/components/chat/MessageList.tsx [Client Component Browser]
    ./src/components/chat/ChatInterface.tsx [Client Component Browser]
    ./src/app/main-content.tsx [Client Component Browser]
    ./src/app/main-content.tsx [Server Component]
    ./src/app/page.tsx [Server Component]

  Client Component SSR:
    ./src/components/chat/MessageList.tsx [Client Component SSR]
    ./src/components/chat/ChatInterface.tsx [Client Component SSR]
    ./src/app/main-content.tsx [Client Component SSR]
    ./src/app/main-content.tsx [Server Component]
    ./src/app/page.tsx [Server Component] @ http://localhost:3000/_next/static/chunks/node_modules_next_dist_b0daae9a._.js:2359
[  242264ms] [ERROR] ./src/components/chat/MessageList.tsx:87:34
Parsing ecmascript source code failed
  85 |                           case "step-start":
  86 |                             return partIndex > 0 ? <hr key={partIndex} className="my-3 border-neutral-200" /> : null;
> 87 |                           default:
     |                                  ^
  88 |                             return null;
  89 |                         }
  90 |                       })}

Expected '</', got ':'

Import traces:
  Client Component Browser:
    ./src/components/chat/MessageList.tsx [Client Component Browser]
    ./src/components/chat/ChatInterface.tsx [Client Component Browser]
    ./src/app/main-content.tsx [Client Component Browser]
    ./src/app/main-content.tsx [Server Component]
    ./src/app/page.tsx [Server Component]

  Client Component SSR:
    ./src/components/chat/MessageList.tsx [Client Component SSR]
    ./src/components/chat/ChatInterface.tsx [Client Component SSR]
    ./src/app/main-content.tsx [Client Component SSR]
    ./src/app/main-content.tsx [Server Component]
    ./src/app/page.tsx [Server Component] @ http://localhost:3000/_next/static/chunks/node_modules_next_dist_b0daae9a._.js:2359
[  242329ms] [ERROR] ./src/components/chat/MessageList.tsx:87:34
Parsing ecmascript source code failed
  85 |                           case "step-start":
  86 |                             return partIndex > 0 ? <hr key={partIndex} className="my-3 border-neutral-200" /> : null;
> 87 |                           default:
     |                                  ^
  88 |                             return null;
  89 |                         }
  90 |                       })}

Expected '</', got ':'

Import traces:
  Client Component Browser:
    ./src/components/chat/MessageList.tsx [Client Component Browser]
    ./src/components/chat/ChatInterface.tsx [Client Component Browser]
    ./src/app/main-content.tsx [Client Component Browser]
    ./src/app/main-content.tsx [Server Component]
    ./src/app/page.tsx [Server Component]

  Client Component SSR:
    ./src/components/chat/MessageList.tsx [Client Component SSR]
    ./src/components/chat/ChatInterface.tsx [Client Component SSR]
    ./src/app/main-content.tsx [Client Component SSR]
    ./src/app/main-content.tsx [Server Component]
    ./src/app/page.tsx [Server Component] @ http://localhost:3000/_next/static/chunks/node_modules_next_dist_b0daae9a._.js:2359
[  242393ms] [ERROR] ./src/components/chat/MessageList.tsx:87:34
Parsing ecmascript source code failed
  85 |                           case "step-start":
  86 |                             return partIndex > 0 ? <hr key={partIndex} className="my-3 border-neutral-200" /> : null;
> 87 |                           default:
     |                                  ^
  88 |                             return null;
  89 |                         }
  90 |                       })}

Expected '</', got ':'

Import traces:
  Client Component Browser:
    ./src/components/chat/MessageList.tsx [Client Component Browser]
    ./src/components/chat/ChatInterface.tsx [Client Component Browser]
    ./src/app/main-content.tsx [Client Component Browser]
    ./src/app/main-content.tsx [Server Component]
    ./src/app/page.tsx [Server Component]

  Client Component SSR:
    ./src/components/chat/MessageList.tsx [Client Component SSR]
    ./src/components/chat/ChatInterface.tsx [Client Component SSR]
    ./src/app/main-content.tsx [Client Component SSR]
    ./src/app/main-content.tsx [Server Component]
    ./src/app/page.tsx [Server Component] @ http://localhost:3000/_next/static/chunks/node_modules_next_dist_b0daae9a._.js:2359
[  242458ms] [ERROR] ./src/components/chat/MessageList.tsx:87:34
Parsing ecmascript source code failed
  85 |                           case "step-start":
  86 |                             return partIndex > 0 ? <hr key={partIndex} className="my-3 border-neutral-200" /> : null;
> 87 |                           default:
     |                                  ^
  88 |                             return null;
  89 |                         }
  90 |                       })}

Expected '</', got ':'

Import traces:
  Client Component Browser:
    ./src/components/chat/MessageList.tsx [Client Component Browser]
    ./src/components/chat/ChatInterface.tsx [Client Component Browser]
    ./src/app/main-content.tsx [Client Component Browser]
    ./src/app/main-content.tsx [Server Component]
    ./src/app/page.tsx [Server Component]

  Client Component SSR:
    ./src/components/chat/MessageList.tsx [Client Component SSR]
    ./src/components/chat/ChatInterface.tsx [Client Component SSR]
    ./src/app/main-content.tsx [Client Component SSR]
    ./src/app/main-content.tsx [Server Component]
    ./src/app/page.tsx [Server Component] @ http://localhost:3000/_next/static/chunks/node_modules_next_dist_b0daae9a._.js:2359
[  242521ms] [ERROR] ./src/components/chat/MessageList.tsx:87:34
Parsing ecmascript source code failed
  85 |                           case "step-start":
  86 |                             return partIndex > 0 ? <hr key={partIndex} className="my-3 border-neutral-200" /> : null;
> 87 |                           default:
     |                                  ^
  88 |                             return null;
  89 |                         }
  90 |                       })}

Expected '</', got ':'

Import traces:
  Client Component Browser:
    ./src/components/chat/MessageList.tsx [Client Component Browser]
    ./src/components/chat/ChatInterface.tsx [Client Component Browser]
    ./src/app/main-content.tsx [Client Component Browser]
    ./src/app/main-content.tsx [Server Component]
    ./src/app/page.tsx [Server Component]

  Client Component SSR:
    ./src/components/chat/MessageList.tsx [Client Component SSR]
    ./src/components/chat/ChatInterface.tsx [Client Component SSR]
    ./src/app/main-content.tsx [Client Component SSR]
    ./src/app/main-content.tsx [Server Component]
    ./src/app/page.tsx [Server Component] @ http://localhost:3000/_next/static/chunks/node_modules_next_dist_b0daae9a._.js:2359
[  242586ms] [ERROR] ./src/components/chat/MessageList.tsx:87:34
Parsing ecmascript source code failed
  85 |                           case "step-start":
  86 |                             return partIndex > 0 ? <hr key={partIndex} className="my-3 border-neutral-200" /> : null;
> 87 |                           default:
     |                                  ^
  88 |                             return null;
  89 |                         }
  90 |                       })}

Expected '</', got ':'

Import traces:
  Client Component Browser:
    ./src/components/chat/MessageList.tsx [Client Component Browser]
    ./src/components/chat/ChatInterface.tsx [Client Component Browser]
    ./src/app/main-content.tsx [Client Component Browser]
    ./src/app/main-content.tsx [Server Component]
    ./src/app/page.tsx [Server Component]

  Client Component SSR:
    ./src/components/chat/MessageList.tsx [Client Component SSR]
    ./src/components/chat/ChatInterface.tsx [Client Component SSR]
    ./src/app/main-content.tsx [Client Component SSR]
    ./src/app/main-content.tsx [Server Component]
    ./src/app/page.tsx [Server Component] @ http://localhost:3000/_next/static/chunks/node_modules_next_dist_b0daae9a._.js:2359
[  242649ms] [ERROR] ./src/components/chat/MessageList.tsx:87:34
Parsing ecmascript source code failed
  85 |                           case "step-start":
  86 |                             return partIndex > 0 ? <hr key={partIndex} className="my-3 border-neutral-200" /> : null;
> 87 |                           default:
     |                                  ^
  88 |                             return null;
  89 |                         }
  90 |                       })}

Expected '</', got ':'

Import traces:
  Client Component Browser:
    ./src/components/chat/MessageList.tsx [Client Component Browser]
    ./src/components/chat/ChatInterface.tsx [Client Component Browser]
    ./src/app/main-content.tsx [Client Component Browser]
    ./src/app/main-content.tsx [Server Component]
    ./src/app/page.tsx [Server Component]

  Client Component SSR:
    ./src/components/chat/MessageList.tsx [Client Component SSR]
    ./src/components/chat/ChatInterface.tsx [Client Component SSR]
    ./src/app/main-content.tsx [Client Component SSR]
    ./src/app/main-content.tsx [Server Component]
    ./src/app/page.tsx [Server Component] @ http://localhost:3000/_next/static/chunks/node_modules_next_dist_b0daae9a._.js:2359
[  242714ms] [ERROR] ./src/components/chat/MessageList.tsx:87:34
Parsing ecmascript source code failed
  85 |                           case "step-start":
  86 |                             return partIndex > 0 ? <hr key={partIndex} className="my-3 border-neutral-200" /> : null;
> 87 |                           default:
     |                                  ^
  88 |                             return null;
  89 |                         }
  90 |                       })}

Expected '</', got ':'

Import traces:
  Client Component Browser:
    ./src/components/chat/MessageList.tsx [Client Component Browser]
    ./src/components/chat/ChatInterface.tsx [Client Component Browser]
    ./src/app/main-content.tsx [Client Component Browser]
    ./src/app/main-content.tsx [Server Component]
    ./src/app/page.tsx [Server Component]

  Client Component SSR:
    ./src/components/chat/MessageList.tsx [Client Component SSR]
    ./src/components/chat/ChatInterface.tsx [Client Component SSR]
    ./src/app/main-content.tsx [Client Component SSR]
    ./src/app/main-content.tsx [Server Component]
    ./src/app/page.tsx [Server Component] @ http://localhost:3000/_next/static/chunks/node_modules_next_dist_b0daae9a._.js:2359
[  242778ms] [ERROR] ./src/components/chat/MessageList.tsx:87:34
Parsing ecmascript source code failed
  85 |                           case "step-start":
  86 |                             return partIndex > 0 ? <hr key={partIndex} className="my-3 border-neutral-200" /> : null;
> 87 |                           default:
     |                                  ^
  88 |                             return null;
  89 |                         }
  90 |                       })}

Expected '</', got ':'

Import traces:
  Client Component Browser:
    ./src/components/chat/MessageList.tsx [Client Component Browser]
    ./src/components/chat/ChatInterface.tsx [Client Component Browser]
    ./src/app/main-content.tsx [Client Component Browser]
    ./src/app/main-content.tsx [Server Component]
    ./src/app/page.tsx [Server Component]

  Client Component SSR:
    ./src/components/chat/MessageList.tsx [Client Component SSR]
    ./src/components/chat/ChatInterface.tsx [Client Component SSR]
    ./src/app/main-content.tsx [Client Component SSR]
    ./src/app/main-content.tsx [Server Component]
    ./src/app/page.tsx [Server Component] @ http://localhost:3000/_next/static/chunks/node_modules_next_dist_b0daae9a._.js:2359
[  242841ms] [ERROR] ./src/components/chat/MessageList.tsx:87:34
Parsing ecmascript source code failed
  85 |                           case "step-start":
  86 |                             return partIndex > 0 ? <hr key={partIndex} className="my-3 border-neutral-200" /> : null;
> 87 |                           default:
     |                                  ^
  88 |                             return null;
  89 |                         }
  90 |                       })}

Expected '</', got ':'

Import traces:
  Client Component Browser:
    ./src/components/chat/MessageList.tsx [Client Component Browser]
    ./src/components/chat/ChatInterface.tsx [Client Component Browser]
    ./src/app/main-content.tsx [Client Component Browser]
    ./src/app/main-content.tsx [Server Component]
    ./src/app/page.tsx [Server Component]

  Client Component SSR:
    ./src/components/chat/MessageList.tsx [Client Component SSR]
    ./src/components/chat/ChatInterface.tsx [Client Component SSR]
    ./src/app/main-content.tsx [Client Component SSR]
    ./src/app/main-content.tsx [Server Component]
    ./src/app/page.tsx [Server Component] @ http://localhost:3000/_next/static/chunks/node_modules_next_dist_b0daae9a._.js:2359
[  242888ms] [ERROR] ./src/components/chat/MessageList.tsx:87:34
Parsing ecmascript source code failed
  85 |                           case "step-start":
  86 |                             return partIndex > 0 ? <hr key={partIndex} className="my-3 border-neutral-200" /> : null;
> 87 |                           default:
     |                                  ^
  88 |                             return null;
  89 |                         }
  90 |                       })}

Expected '</', got ':'

Import traces:
  Client Component Browser:
    ./src/components/chat/MessageList.tsx [Client Component Browser]
    ./src/components/chat/ChatInterface.tsx [Client Component Browser]
    ./src/app/main-content.tsx [Client Component Browser]
    ./src/app/main-content.tsx [Server Component]
    ./src/app/page.tsx [Server Component]

  Client Component SSR:
    ./src/components/chat/MessageList.tsx [Client Component SSR]
    ./src/components/chat/ChatInterface.tsx [Client Component SSR]
    ./src/app/main-content.tsx [Client Component SSR]
    ./src/app/main-content.tsx [Server Component]
    ./src/app/page.tsx [Server Component] @ http://localhost:3000/_next/static/chunks/node_modules_next_dist_b0daae9a._.js:2359
[  242951ms] [ERROR] ./src/components/chat/MessageList.tsx:87:34
Parsing ecmascript source code failed
  85 |                           case "step-start":
  86 |                             return partIndex > 0 ? <hr key={partIndex} className="my-3 border-neutral-200" /> : null;
> 87 |                           default:
     |                                  ^
  88 |                             return null;
  89 |                         }
  90 |                       })}

Expected '</', got ':'

Import traces:
  Client Component Browser:
    ./src/components/chat/MessageList.tsx [Client Component Browser]
    ./src/components/chat/ChatInterface.tsx [Client Component Browser]
    ./src/app/main-content.tsx [Client Component Browser]
    ./src/app/main-content.tsx [Server Component]
    ./src/app/page.tsx [Server Component]

  Client Component SSR:
    ./src/components/chat/MessageList.tsx [Client Component SSR]
    ./src/components/chat/ChatInterface.tsx [Client Component SSR]
    ./src/app/main-content.tsx [Client Component SSR]
    ./src/app/main-content.tsx [Server Component]
    ./src/app/page.tsx [Server Component] @ http://localhost:3000/_next/static/chunks/node_modules_next_dist_b0daae9a._.js:2359
[  243016ms] [ERROR] ./src/components/chat/MessageList.tsx:87:34
Parsing ecmascript source code failed
  85 |                           case "step-start":
  86 |                             return partIndex > 0 ? <hr key={partIndex} className="my-3 border-neutral-200" /> : null;
> 87 |                           default:
     |                                  ^
  88 |                             return null;
  89 |                         }
  90 |                       })}

Expected '</', got ':'

Import traces:
  Client Component Browser:
    ./src/components/chat/MessageList.tsx [Client Component Browser]
    ./src/components/chat/ChatInterface.tsx [Client Component Browser]
    ./src/app/main-content.tsx [Client Component Browser]
    ./src/app/main-content.tsx [Server Component]
    ./src/app/page.tsx [Server Component]

  Client Component SSR:
    ./src/components/chat/MessageList.tsx [Client Component SSR]
    ./src/components/chat/ChatInterface.tsx [Client Component SSR]
    ./src/app/main-content.tsx [Client Component SSR]
    ./src/app/main-content.tsx [Server Component]
    ./src/app/page.tsx [Server Component] @ http://localhost:3000/_next/static/chunks/node_modules_next_dist_b0daae9a._.js:2359
[  243080ms] [ERROR] ./src/components/chat/MessageList.tsx:87:34
Parsing ecmascript source code failed
  85 |                           case "step-start":
  86 |                             return partIndex > 0 ? <hr key={partIndex} className="my-3 border-neutral-200" /> : null;
> 87 |                           default:
     |                                  ^
  88 |                             return null;
  89 |                         }
  90 |                       })}

Expected '</', got ':'

Import traces:
  Client Component Browser:
    ./src/components/chat/MessageList.tsx [Client Component Browser]
    ./src/components/chat/ChatInterface.tsx [Client Component Browser]
    ./src/app/main-content.tsx [Client Component Browser]
    ./src/app/main-content.tsx [Server Component]
    ./src/app/page.tsx [Server Component]

  Client Component SSR:
    ./src/components/chat/MessageList.tsx [Client Component SSR]
    ./src/components/chat/ChatInterface.tsx [Client Component SSR]
    ./src/app/main-content.tsx [Client Component SSR]
    ./src/app/main-content.tsx [Server Component]
    ./src/app/page.tsx [Server Component] @ http://localhost:3000/_next/static/chunks/node_modules_next_dist_b0daae9a._.js:2359
[  243143ms] [ERROR] ./src/components/chat/MessageList.tsx:87:34
Parsing ecmascript source code failed
  85 |                           case "step-start":
  86 |                             return partIndex > 0 ? <hr key={partIndex} className="my-3 border-neutral-200" /> : null;
> 87 |                           default:
     |                                  ^
  88 |                             return null;
  89 |                         }
  90 |                       })}

Expected '</', got ':'

Import traces:
  Client Component Browser:
    ./src/components/chat/MessageList.tsx [Client Component Browser]
    ./src/components/chat/ChatInterface.tsx [Client Component Browser]
    ./src/app/main-content.tsx [Client Component Browser]
    ./src/app/main-content.tsx [Server Component]
    ./src/app/page.tsx [Server Component]

  Client Component SSR:
    ./src/components/chat/MessageList.tsx [Client Component SSR]
    ./src/components/chat/ChatInterface.tsx [Client Component SSR]
    ./src/app/main-content.tsx [Client Component SSR]
    ./src/app/main-content.tsx [Server Component]
    ./src/app/page.tsx [Server Component] @ http://localhost:3000/_next/static/chunks/node_modules_next_dist_b0daae9a._.js:2359
[  243206ms] [ERROR] ./src/components/chat/MessageList.tsx:87:34
Parsing ecmascript source code failed
  85 |                           case "step-start":
  86 |                             return partIndex > 0 ? <hr key={partIndex} className="my-3 border-neutral-200" /> : null;
> 87 |                           default:
     |                                  ^
  88 |                             return null;
  89 |                         }
  90 |                       })}

Expected '</', got ':'

Import traces:
  Client Component Browser:
    ./src/components/chat/MessageList.tsx [Client Component Browser]
    ./src/components/chat/ChatInterface.tsx [Client Component Browser]
    ./src/app/main-content.tsx [Client Component Browser]
    ./src/app/main-content.tsx [Server Component]
    ./src/app/page.tsx [Server Component]

  Client Component SSR:
    ./src/components/chat/MessageList.tsx [Client Component SSR]
    ./src/components/chat/ChatInterface.tsx [Client Component SSR]
    ./src/app/main-content.tsx [Client Component SSR]
    ./src/app/main-content.tsx [Server Component]
    ./src/app/page.tsx [Server Component] @ http://localhost:3000/_next/static/chunks/node_modules_next_dist_b0daae9a._.js:2359
[  243271ms] [ERROR] ./src/components/chat/MessageList.tsx:87:34
Parsing ecmascript source code failed
  85 |                           case "step-start":
  86 |                             return partIndex > 0 ? <hr key={partIndex} className="my-3 border-neutral-200" /> : null;
> 87 |                           default:
     |                                  ^
  88 |                             return null;
  89 |                         }
  90 |                       })}

Expected '</', got ':'

Import traces:
  Client Component Browser:
    ./src/components/chat/MessageList.tsx [Client Component Browser]
    ./src/components/chat/ChatInterface.tsx [Client Component Browser]
    ./src/app/main-content.tsx [Client Component Browser]
    ./src/app/main-content.tsx [Server Component]
    ./src/app/page.tsx [Server Component]

  Client Component SSR:
    ./src/components/chat/MessageList.tsx [Client Component SSR]
    ./src/components/chat/ChatInterface.tsx [Client Component SSR]
    ./src/app/main-content.tsx [Client Component SSR]
    ./src/app/main-content.tsx [Server Component]
    ./src/app/page.tsx [Server Component] @ http://localhost:3000/_next/static/chunks/node_modules_next_dist_b0daae9a._.js:2359
[  243334ms] [ERROR] ./src/components/chat/MessageList.tsx:87:34
Parsing ecmascript source code failed
  85 |                           case "step-start":
  86 |                             return partIndex > 0 ? <hr key={partIndex} className="my-3 border-neutral-200" /> : null;
> 87 |                           default:
     |                                  ^
  88 |                             return null;
  89 |                         }
  90 |                       })}

Expected '</', got ':'

Import traces:
  Client Component Browser:
    ./src/components/chat/MessageList.tsx [Client Component Browser]
    ./src/components/chat/ChatInterface.tsx [Client Component Browser]
    ./src/app/main-content.tsx [Client Component Browser]
    ./src/app/main-content.tsx [Server Component]
    ./src/app/page.tsx [Server Component]

  Client Component SSR:
    ./src/components/chat/MessageList.tsx [Client Component SSR]
    ./src/components/chat/ChatInterface.tsx [Client Component SSR]
    ./src/app/main-content.tsx [Client Component SSR]
    ./src/app/main-content.tsx [Server Component]
    ./src/app/page.tsx [Server Component] @ http://localhost:3000/_next/static/chunks/node_modules_next_dist_b0daae9a._.js:2359
[  243383ms] [ERROR] ./src/components/chat/MessageList.tsx:87:34
Parsing ecmascript source code failed
  85 |                           case "step-start":
  86 |                             return partIndex > 0 ? <hr key={partIndex} className="my-3 border-neutral-200" /> : null;
> 87 |                           default:
     |                                  ^
  88 |                             return null;
  89 |                         }
  90 |                       })}

Expected '</', got ':'

Import traces:
  Client Component Browser:
    ./src/components/chat/MessageList.tsx [Client Component Browser]
    ./src/components/chat/ChatInterface.tsx [Client Component Browser]
    ./src/app/main-content.tsx [Client Component Browser]
    ./src/app/main-content.tsx [Server Component]
    ./src/app/page.tsx [Server Component]

  Client Component SSR:
    ./src/components/chat/MessageList.tsx [Client Component SSR]
    ./src/components/chat/ChatInterface.tsx [Client Component SSR]
    ./src/app/main-content.tsx [Client Component SSR]
    ./src/app/main-content.tsx [Server Component]
    ./src/app/page.tsx [Server Component] @ http://localhost:3000/_next/static/chunks/node_modules_next_dist_b0daae9a._.js:2359
[  243447ms] [ERROR] ./src/components/chat/MessageList.tsx:87:34
Parsing ecmascript source code failed
  85 |                           case "step-start":
  86 |                             return partIndex > 0 ? <hr key={partIndex} className="my-3 border-neutral-200" /> : null;
> 87 |                           default:
     |                                  ^
  88 |                             return null;
  89 |                         }
  90 |                       })}

Expected '</', got ':'

Import traces:
  Client Component Browser:
    ./src/components/chat/MessageList.tsx [Client Component Browser]
    ./src/components/chat/ChatInterface.tsx [Client Component Browser]
    ./src/app/main-content.tsx [Client Component Browser]
    ./src/app/main-content.tsx [Server Component]
    ./src/app/page.tsx [Server Component]

  Client Component SSR:
    ./src/components/chat/MessageList.tsx [Client Component SSR]
    ./src/components/chat/ChatInterface.tsx [Client Component SSR]
    ./src/app/main-content.tsx [Client Component SSR]
    ./src/app/main-content.tsx [Server Component]
    ./src/app/page.tsx [Server Component] @ http://localhost:3000/_next/static/chunks/node_modules_next_dist_b0daae9a._.js:2359
[  243510ms] [ERROR] ./src/components/chat/MessageList.tsx:87:34
Parsing ecmascript source code failed
  85 |                           case "step-start":
  86 |                             return partIndex > 0 ? <hr key={partIndex} className="my-3 border-neutral-200" /> : null;
> 87 |                           default:
     |                                  ^
  88 |                             return null;
  89 |                         }
  90 |                       })}

Expected '</', got ':'

Import traces:
  Client Component Browser:
    ./src/components/chat/MessageList.tsx [Client Component Browser]
    ./src/components/chat/ChatInterface.tsx [Client Component Browser]
    ./src/app/main-content.tsx [Client Component Browser]
    ./src/app/main-content.tsx [Server Component]
    ./src/app/page.tsx [Server Component]

  Client Component SSR:
    ./src/components/chat/MessageList.tsx [Client Component SSR]
    ./src/components/chat/ChatInterface.tsx [Client Component SSR]
    ./src/app/main-content.tsx [Client Component SSR]
    ./src/app/main-content.tsx [Server Component]
    ./src/app/page.tsx [Server Component] @ http://localhost:3000/_next/static/chunks/node_modules_next_dist_b0daae9a._.js:2359
[  243558ms] [ERROR] ./src/components/chat/MessageList.tsx:87:34
Parsing ecmascript source code failed
  85 |                           case "step-start":
  86 |                             return partIndex > 0 ? <hr key={partIndex} className="my-3 border-neutral-200" /> : null;
> 87 |                           default:
     |                                  ^
  88 |                             return null;
  89 |                         }
  90 |                       })}

Expected '</', got ':'

Import traces:
  Client Component Browser:
    ./src/components/chat/MessageList.tsx [Client Component Browser]
    ./src/components/chat/ChatInterface.tsx [Client Component Browser]
    ./src/app/main-content.tsx [Client Component Browser]
    ./src/app/main-content.tsx [Server Component]
    ./src/app/page.tsx [Server Component]

  Client Component SSR:
    ./src/components/chat/MessageList.tsx [Client Component SSR]
    ./src/components/chat/ChatInterface.tsx [Client Component SSR]
    ./src/app/main-content.tsx [Client Component SSR]
    ./src/app/main-content.tsx [Server Component]
    ./src/app/page.tsx [Server Component] @ http://localhost:3000/_next/static/chunks/node_modules_next_dist_b0daae9a._.js:2359
[  243620ms] [ERROR] ./src/components/chat/MessageList.tsx:87:34
Parsing ecmascript source code failed
  85 |                           case "step-start":
  86 |                             return partIndex > 0 ? <hr key={partIndex} className="my-3 border-neutral-200" /> : null;
> 87 |                           default:
     |                                  ^
  88 |                             return null;
  89 |                         }
  90 |                       })}

Expected '</', got ':'

Import traces:
  Client Component Browser:
    ./src/components/chat/MessageList.tsx [Client Component Browser]
    ./src/components/chat/ChatInterface.tsx [Client Component Browser]
    ./src/app/main-content.tsx [Client Component Browser]
    ./src/app/main-content.tsx [Server Component]
    ./src/app/page.tsx [Server Component]

  Client Component SSR:
    ./src/components/chat/MessageList.tsx [Client Component SSR]
    ./src/components/chat/ChatInterface.tsx [Client Component SSR]
    ./src/app/main-content.tsx [Client Component SSR]
    ./src/app/main-content.tsx [Server Component]
    ./src/app/page.tsx [Server Component] @ http://localhost:3000/_next/static/chunks/node_modules_next_dist_b0daae9a._.js:2359
[  243682ms] [ERROR] ./src/components/chat/MessageList.tsx:87:34
Parsing ecmascript source code failed
  85 |                           case "step-start":
  86 |                             return partIndex > 0 ? <hr key={partIndex} className="my-3 border-neutral-200" /> : null;
> 87 |                           default:
     |                                  ^
  88 |                             return null;
  89 |                         }
  90 |                       })}

Expected '</', got ':'

Import traces:
  Client Component Browser:
    ./src/components/chat/MessageList.tsx [Client Component Browser]
    ./src/components/chat/ChatInterface.tsx [Client Component Browser]
    ./src/app/main-content.tsx [Client Component Browser]
    ./src/app/main-content.tsx [Server Component]
    ./src/app/page.tsx [Server Component]

  Client Component SSR:
    ./src/components/chat/MessageList.tsx [Client Component SSR]
    ./src/components/chat/ChatInterface.tsx [Client Component SSR]
    ./src/app/main-content.tsx [Client Component SSR]
    ./src/app/main-content.tsx [Server Component]
    ./src/app/page.tsx [Server Component] @ http://localhost:3000/_next/static/chunks/node_modules_next_dist_b0daae9a._.js:2359
[  243746ms] [ERROR] ./src/components/chat/MessageList.tsx:87:34
Parsing ecmascript source code failed
  85 |                           case "step-start":
  86 |                             return partIndex > 0 ? <hr key={partIndex} className="my-3 border-neutral-200" /> : null;
> 87 |                           default:
     |                                  ^
  88 |                             return null;
  89 |                         }
  90 |                       })}

Expected '</', got ':'

Import traces:
  Client Component Browser:
    ./src/components/chat/MessageList.tsx [Client Component Browser]
    ./src/components/chat/ChatInterface.tsx [Client Component Browser]
    ./src/app/main-content.tsx [Client Component Browser]
    ./src/app/main-content.tsx [Server Component]
    ./src/app/page.tsx [Server Component]

  Client Component SSR:
    ./src/components/chat/MessageList.tsx [Client Component SSR]
    ./src/components/chat/ChatInterface.tsx [Client Component SSR]
    ./src/app/main-content.tsx [Client Component SSR]
    ./src/app/main-content.tsx [Server Component]
    ./src/app/page.tsx [Server Component] @ http://localhost:3000/_next/static/chunks/node_modules_next_dist_b0daae9a._.js:2359
[  243795ms] [ERROR] ./src/components/chat/MessageList.tsx:87:34
Parsing ecmascript source code failed
  85 |                           case "step-start":
  86 |                             return partIndex > 0 ? <hr key={partIndex} className="my-3 border-neutral-200" /> : null;
> 87 |                           default:
     |                                  ^
  88 |                             return null;
  89 |                         }
  90 |                       })}

Expected '</', got ':'

Import traces:
  Client Component Browser:
    ./src/components/chat/MessageList.tsx [Client Component Browser]
    ./src/components/chat/ChatInterface.tsx [Client Component Browser]
    ./src/app/main-content.tsx [Client Component Browser]
    ./src/app/main-content.tsx [Server Component]
    ./src/app/page.tsx [Server Component]

  Client Component SSR:
    ./src/components/chat/MessageList.tsx [Client Component SSR]
    ./src/components/chat/ChatInterface.tsx [Client Component SSR]
    ./src/app/main-content.tsx [Client Component SSR]
    ./src/app/main-content.tsx [Server Component]
    ./src/app/page.tsx [Server Component] @ http://localhost:3000/_next/static/chunks/node_modules_next_dist_b0daae9a._.js:2359
[  243858ms] [ERROR] ./src/components/chat/MessageList.tsx:87:34
Parsing ecmascript source code failed
  85 |                           case "step-start":
  86 |                             return partIndex > 0 ? <hr key={partIndex} className="my-3 border-neutral-200" /> : null;
> 87 |                           default:
     |                                  ^
  88 |                             return null;
  89 |                         }
  90 |                       })}

Expected '</', got ':'

Import traces:
  Client Component Browser:
    ./src/components/chat/MessageList.tsx [Client Component Browser]
    ./src/components/chat/ChatInterface.tsx [Client Component Browser]
    ./src/app/main-content.tsx [Client Component Browser]
    ./src/app/main-content.tsx [Server Component]
    ./src/app/page.tsx [Server Component]

  Client Component SSR:
    ./src/components/chat/MessageList.tsx [Client Component SSR]
    ./src/components/chat/ChatInterface.tsx [Client Component SSR]
    ./src/app/main-content.tsx [Client Component SSR]
    ./src/app/main-content.tsx [Server Component]
    ./src/app/page.tsx [Server Component] @ http://localhost:3000/_next/static/chunks/node_modules_next_dist_b0daae9a._.js:2359
[  243923ms] [ERROR] ./src/components/chat/MessageList.tsx:87:34
Parsing ecmascript source code failed
  85 |                           case "step-start":
  86 |                             return partIndex > 0 ? <hr key={partIndex} className="my-3 border-neutral-200" /> : null;
> 87 |                           default:
     |                                  ^
  88 |                             return null;
  89 |                         }
  90 |                       })}

Expected '</', got ':'

Import traces:
  Client Component Browser:
    ./src/components/chat/MessageList.tsx [Client Component Browser]
    ./src/components/chat/ChatInterface.tsx [Client Component Browser]
    ./src/app/main-content.tsx [Client Component Browser]
    ./src/app/main-content.tsx [Server Component]
    ./src/app/page.tsx [Server Component]

  Client Component SSR:
    ./src/components/chat/MessageList.tsx [Client Component SSR]
    ./src/components/chat/ChatInterface.tsx [Client Component SSR]
    ./src/app/main-content.tsx [Client Component SSR]
    ./src/app/main-content.tsx [Server Component]
    ./src/app/page.tsx [Server Component] @ http://localhost:3000/_next/static/chunks/node_modules_next_dist_b0daae9a._.js:2359
[  243970ms] [ERROR] ./src/components/chat/MessageList.tsx:87:34
Parsing ecmascript source code failed
  85 |                           case "step-start":
  86 |                             return partIndex > 0 ? <hr key={partIndex} className="my-3 border-neutral-200" /> : null;
> 87 |                           default:
     |                                  ^
  88 |                             return null;
  89 |                         }
  90 |                       })}

Expected '</', got ':'

Import traces:
  Client Component Browser:
    ./src/components/chat/MessageList.tsx [Client Component Browser]
    ./src/components/chat/ChatInterface.tsx [Client Component Browser]
    ./src/app/main-content.tsx [Client Component Browser]
    ./src/app/main-content.tsx [Server Component]
    ./src/app/page.tsx [Server Component]

  Client Component SSR:
    ./src/components/chat/MessageList.tsx [Client Component SSR]
    ./src/components/chat/ChatInterface.tsx [Client Component SSR]
    ./src/app/main-content.tsx [Client Component SSR]
    ./src/app/main-content.tsx [Server Component]
    ./src/app/page.tsx [Server Component] @ http://localhost:3000/_next/static/chunks/node_modules_next_dist_b0daae9a._.js:2359
[  244034ms] [ERROR] ./src/components/chat/MessageList.tsx:87:34
Parsing ecmascript source code failed
  85 |                           case "step-start":
  86 |                             return partIndex > 0 ? <hr key={partIndex} className="my-3 border-neutral-200" /> : null;
> 87 |                           default:
     |                                  ^
  88 |                             return null;
  89 |                         }
  90 |                       })}

Expected '</', got ':'

Import traces:
  Client Component Browser:
    ./src/components/chat/MessageList.tsx [Client Component Browser]
    ./src/components/chat/ChatInterface.tsx [Client Component Browser]
    ./src/app/main-content.tsx [Client Component Browser]
    ./src/app/main-content.tsx [Server Component]
    ./src/app/page.tsx [Server Component]

  Client Component SSR:
    ./src/components/chat/MessageList.tsx [Client Component SSR]
    ./src/components/chat/ChatInterface.tsx [Client Component SSR]
    ./src/app/main-content.tsx [Client Component SSR]
    ./src/app/main-content.tsx [Server Component]
    ./src/app/page.tsx [Server Component] @ http://localhost:3000/_next/static/chunks/node_modules_next_dist_b0daae9a._.js:2359
[  244082ms] [ERROR] ./src/components/chat/MessageList.tsx:87:34
Parsing ecmascript source code failed
  85 |                           case "step-start":
  86 |                             return partIndex > 0 ? <hr key={partIndex} className="my-3 border-neutral-200" /> : null;
> 87 |                           default:
     |                                  ^
  88 |                             return null;
  89 |                         }
  90 |                       })}

Expected '</', got ':'

Import traces:
  Client Component Browser:
    ./src/components/chat/MessageList.tsx [Client Component Browser]
    ./src/components/chat/ChatInterface.tsx [Client Component Browser]
    ./src/app/main-content.tsx [Client Component Browser]
    ./src/app/main-content.tsx [Server Component]
    ./src/app/page.tsx [Server Component]

  Client Component SSR:
    ./src/components/chat/MessageList.tsx [Client Component SSR]
    ./src/components/chat/ChatInterface.tsx [Client Component SSR]
    ./src/app/main-content.tsx [Client Component SSR]
    ./src/app/main-content.tsx [Server Component]
    ./src/app/page.tsx [Server Component] @ http://localhost:3000/_next/static/chunks/node_modules_next_dist_b0daae9a._.js:2359
[  244145ms] [ERROR] ./src/components/chat/MessageList.tsx:87:34
Parsing ecmascript source code failed
  85 |                           case "step-start":
  86 |                             return partIndex > 0 ? <hr key={partIndex} className="my-3 border-neutral-200" /> : null;
> 87 |                           default:
     |                                  ^
  88 |                             return null;
  89 |                         }
  90 |                       })}

Expected '</', got ':'

Import traces:
  Client Component Browser:
    ./src/components/chat/MessageList.tsx [Client Component Browser]
    ./src/components/chat/ChatInterface.tsx [Client Component Browser]
    ./src/app/main-content.tsx [Client Component Browser]
    ./src/app/main-content.tsx [Server Component]
    ./src/app/page.tsx [Server Component]

  Client Component SSR:
    ./src/components/chat/MessageList.tsx [Client Component SSR]
    ./src/components/chat/ChatInterface.tsx [Client Component SSR]
    ./src/app/main-content.tsx [Client Component SSR]
    ./src/app/main-content.tsx [Server Component]
    ./src/app/page.tsx [Server Component] @ http://localhost:3000/_next/static/chunks/node_modules_next_dist_b0daae9a._.js:2359
[  244209ms] [ERROR] ./src/components/chat/MessageList.tsx:87:34
Parsing ecmascript source code failed
  85 |                           case "step-start":
  86 |                             return partIndex > 0 ? <hr key={partIndex} className="my-3 border-neutral-200" /> : null;
> 87 |                           default:
     |                                  ^
  88 |                             return null;
  89 |                         }
  90 |                       })}

Expected '</', got ':'

Import traces:
  Client Component Browser:
    ./src/components/chat/MessageList.tsx [Client Component Browser]
    ./src/components/chat/ChatInterface.tsx [Client Component Browser]
    ./src/app/main-content.tsx [Client Component Browser]
    ./src/app/main-content.tsx [Server Component]
    ./src/app/page.tsx [Server Component]

  Client Component SSR:
    ./src/components/chat/MessageList.tsx [Client Component SSR]
    ./src/components/chat/ChatInterface.tsx [Client Component SSR]
    ./src/app/main-content.tsx [Client Component SSR]
    ./src/app/main-content.tsx [Server Component]
    ./src/app/page.tsx [Server Component] @ http://localhost:3000/_next/static/chunks/node_modules_next_dist_b0daae9a._.js:2359
[  244257ms] [ERROR] ./src/components/chat/MessageList.tsx:87:34
Parsing ecmascript source code failed
  85 |                           case "step-start":
  86 |                             return partIndex > 0 ? <hr key={partIndex} className="my-3 border-neutral-200" /> : null;
> 87 |                           default:
     |                                  ^
  88 |                             return null;
  89 |                         }
  90 |                       })}

Expected '</', got ':'

Import traces:
  Client Component Browser:
    ./src/components/chat/MessageList.tsx [Client Component Browser]
    ./src/components/chat/ChatInterface.tsx [Client Component Browser]
    ./src/app/main-content.tsx [Client Component Browser]
    ./src/app/main-content.tsx [Server Component]
    ./src/app/page.tsx [Server Component]

  Client Component SSR:
    ./src/components/chat/MessageList.tsx [Client Component SSR]
    ./src/components/chat/ChatInterface.tsx [Client Component SSR]
    ./src/app/main-content.tsx [Client Component SSR]
    ./src/app/main-content.tsx [Server Component]
    ./src/app/page.tsx [Server Component] @ http://localhost:3000/_next/static/chunks/node_modules_next_dist_b0daae9a._.js:2359
[  244305ms] [ERROR] ./src/components/chat/MessageList.tsx:87:34
Parsing ecmascript source code failed
  85 |                           case "step-start":
  86 |                             return partIndex > 0 ? <hr key={partIndex} className="my-3 border-neutral-200" /> : null;
> 87 |                           default:
     |                                  ^
  88 |                             return null;
  89 |                         }
  90 |                       })}

Expected '</', got ':'

Import traces:
  Client Component Browser:
    ./src/components/chat/MessageList.tsx [Client Component Browser]
    ./src/components/chat/ChatInterface.tsx [Client Component Browser]
    ./src/app/main-content.tsx [Client Component Browser]
    ./src/app/main-content.tsx [Server Component]
    ./src/app/page.tsx [Server Component]

  Client Component SSR:
    ./src/components/chat/MessageList.tsx [Client Component SSR]
    ./src/components/chat/ChatInterface.tsx [Client Component SSR]
    ./src/app/main-content.tsx [Client Component SSR]
    ./src/app/main-content.tsx [Server Component]
    ./src/app/page.tsx [Server Component] @ http://localhost:3000/_next/static/chunks/node_modules_next_dist_b0daae9a._.js:2359
[  244368ms] [ERROR] ./src/components/chat/MessageList.tsx:87:34
Parsing ecmascript source code failed
  85 |                           case "step-start":
  86 |                             return partIndex > 0 ? <hr key={partIndex} className="my-3 border-neutral-200" /> : null;
> 87 |                           default:
     |                                  ^
  88 |                             return null;
  89 |                         }
  90 |                       })}

Expected '</', got ':'

Import traces:
  Client Component Browser:
    ./src/components/chat/MessageList.tsx [Client Component Browser]
    ./src/components/chat/ChatInterface.tsx [Client Component Browser]
    ./src/app/main-content.tsx [Client Component Browser]
    ./src/app/main-content.tsx [Server Component]
    ./src/app/page.tsx [Server Component]

  Client Component SSR:
    ./src/components/chat/MessageList.tsx [Client Component SSR]
    ./src/components/chat/ChatInterface.tsx [Client Component SSR]
    ./src/app/main-content.tsx [Client Component SSR]
    ./src/app/main-content.tsx [Server Component]
    ./src/app/page.tsx [Server Component] @ http://localhost:3000/_next/static/chunks/node_modules_next_dist_b0daae9a._.js:2359
[  244416ms] [ERROR] ./src/components/chat/MessageList.tsx:87:34
Parsing ecmascript source code failed
  85 |                           case "step-start":
  86 |                             return partIndex > 0 ? <hr key={partIndex} className="my-3 border-neutral-200" /> : null;
> 87 |                           default:
     |                                  ^
  88 |                             return null;
  89 |                         }
  90 |                       })}

Expected '</', got ':'

Import traces:
  Client Component Browser:
    ./src/components/chat/MessageList.tsx [Client Component Browser]
    ./src/components/chat/ChatInterface.tsx [Client Component Browser]
    ./src/app/main-content.tsx [Client Component Browser]
    ./src/app/main-content.tsx [Server Component]
    ./src/app/page.tsx [Server Component]

  Client Component SSR:
    ./src/components/chat/MessageList.tsx [Client Component SSR]
    ./src/components/chat/ChatInterface.tsx [Client Component SSR]
    ./src/app/main-content.tsx [Client Component SSR]
    ./src/app/main-content.tsx [Server Component]
    ./src/app/page.tsx [Server Component] @ http://localhost:3000/_next/static/chunks/node_modules_next_dist_b0daae9a._.js:2359
[  244479ms] [ERROR] ./src/components/chat/MessageList.tsx:87:34
Parsing ecmascript source code failed
  85 |                           case "step-start":
  86 |                             return partIndex > 0 ? <hr key={partIndex} className="my-3 border-neutral-200" /> : null;
> 87 |                           default:
     |                                  ^
  88 |                             return null;
  89 |                         }
  90 |                       })}

Expected '</', got ':'

Import traces:
  Client Component Browser:
    ./src/components/chat/MessageList.tsx [Client Component Browser]
    ./src/components/chat/ChatInterface.tsx [Client Component Browser]
    ./src/app/main-content.tsx [Client Component Browser]
    ./src/app/main-content.tsx [Server Component]
    ./src/app/page.tsx [Server Component]

  Client Component SSR:
    ./src/components/chat/MessageList.tsx [Client Component SSR]
    ./src/components/chat/ChatInterface.tsx [Client Component SSR]
    ./src/app/main-content.tsx [Client Component SSR]
    ./src/app/main-content.tsx [Server Component]
    ./src/app/page.tsx [Server Component] @ http://localhost:3000/_next/static/chunks/node_modules_next_dist_b0daae9a._.js:2359
[  244527ms] [ERROR] ./src/components/chat/MessageList.tsx:87:34
Parsing ecmascript source code failed
  85 |                           case "step-start":
  86 |                             return partIndex > 0 ? <hr key={partIndex} className="my-3 border-neutral-200" /> : null;
> 87 |                           default:
     |                                  ^
  88 |                             return null;
  89 |                         }
  90 |                       })}

Expected '</', got ':'

Import traces:
  Client Component Browser:
    ./src/components/chat/MessageList.tsx [Client Component Browser]
    ./src/components/chat/ChatInterface.tsx [Client Component Browser]
    ./src/app/main-content.tsx [Client Component Browser]
    ./src/app/main-content.tsx [Server Component]
    ./src/app/page.tsx [Server Component]

  Client Component SSR:
    ./src/components/chat/MessageList.tsx [Client Component SSR]
    ./src/components/chat/ChatInterface.tsx [Client Component SSR]
    ./src/app/main-content.tsx [Client Component SSR]
    ./src/app/main-content.tsx [Server Component]
    ./src/app/page.tsx [Server Component] @ http://localhost:3000/_next/static/chunks/node_modules_next_dist_b0daae9a._.js:2359
[  244593ms] [ERROR] ./src/components/chat/MessageList.tsx:87:34
Parsing ecmascript source code failed
  85 |                           case "step-start":
  86 |                             return partIndex > 0 ? <hr key={partIndex} className="my-3 border-neutral-200" /> : null;
> 87 |                           default:
     |                                  ^
  88 |                             return null;
  89 |                         }
  90 |                       })}

Expected '</', got ':'

Import traces:
  Client Component Browser:
    ./src/components/chat/MessageList.tsx [Client Component Browser]
    ./src/components/chat/ChatInterface.tsx [Client Component Browser]
    ./src/app/main-content.tsx [Client Component Browser]
    ./src/app/main-content.tsx [Server Component]
    ./src/app/page.tsx [Server Component]

  Client Component SSR:
    ./src/components/chat/MessageList.tsx [Client Component SSR]
    ./src/components/chat/ChatInterface.tsx [Client Component SSR]
    ./src/app/main-content.tsx [Client Component SSR]
    ./src/app/main-content.tsx [Server Component]
    ./src/app/page.tsx [Server Component] @ http://localhost:3000/_next/static/chunks/node_modules_next_dist_b0daae9a._.js:2359
[  244657ms] [ERROR] ./src/components/chat/MessageList.tsx:87:34
Parsing ecmascript source code failed
  85 |                           case "step-start":
  86 |                             return partIndex > 0 ? <hr key={partIndex} className="my-3 border-neutral-200" /> : null;
> 87 |                           default:
     |                                  ^
  88 |                             return null;
  89 |                         }
  90 |                       })}

Expected '</', got ':'

Import traces:
  Client Component Browser:
    ./src/components/chat/MessageList.tsx [Client Component Browser]
    ./src/components/chat/ChatInterface.tsx [Client Component Browser]
    ./src/app/main-content.tsx [Client Component Browser]
    ./src/app/main-content.tsx [Server Component]
    ./src/app/page.tsx [Server Component]

  Client Component SSR:
    ./src/components/chat/MessageList.tsx [Client Component SSR]
    ./src/components/chat/ChatInterface.tsx [Client Component SSR]
    ./src/app/main-content.tsx [Client Component SSR]
    ./src/app/main-content.tsx [Server Component]
    ./src/app/page.tsx [Server Component] @ http://localhost:3000/_next/static/chunks/node_modules_next_dist_b0daae9a._.js:2359
[  244721ms] [ERROR] ./src/components/chat/MessageList.tsx:87:34
Parsing ecmascript source code failed
  85 |                           case "step-start":
  86 |                             return partIndex > 0 ? <hr key={partIndex} className="my-3 border-neutral-200" /> : null;
> 87 |                           default:
     |                                  ^
  88 |                             return null;
  89 |                         }
  90 |                       })}

Expected '</', got ':'

Import traces:
  Client Component Browser:
    ./src/components/chat/MessageList.tsx [Client Component Browser]
    ./src/components/chat/ChatInterface.tsx [Client Component Browser]
    ./src/app/main-content.tsx [Client Component Browser]
    ./src/app/main-content.tsx [Server Component]
    ./src/app/page.tsx [Server Component]

  Client Component SSR:
    ./src/components/chat/MessageList.tsx [Client Component SSR]
    ./src/components/chat/ChatInterface.tsx [Client Component SSR]
    ./src/app/main-content.tsx [Client Component SSR]
    ./src/app/main-content.tsx [Server Component]
    ./src/app/page.tsx [Server Component] @ http://localhost:3000/_next/static/chunks/node_modules_next_dist_b0daae9a._.js:2359
[  244786ms] [ERROR] ./src/components/chat/MessageList.tsx:87:34
Parsing ecmascript source code failed
  85 |                           case "step-start":
  86 |                             return partIndex > 0 ? <hr key={partIndex} className="my-3 border-neutral-200" /> : null;
> 87 |                           default:
     |                                  ^
  88 |                             return null;
  89 |                         }
  90 |                       })}

Expected '</', got ':'

Import traces:
  Client Component Browser:
    ./src/components/chat/MessageList.tsx [Client Component Browser]
    ./src/components/chat/ChatInterface.tsx [Client Component Browser]
    ./src/app/main-content.tsx [Client Component Browser]
    ./src/app/main-content.tsx [Server Component]
    ./src/app/page.tsx [Server Component]

  Client Component SSR:
    ./src/components/chat/MessageList.tsx [Client Component SSR]
    ./src/components/chat/ChatInterface.tsx [Client Component SSR]
    ./src/app/main-content.tsx [Client Component SSR]
    ./src/app/main-content.tsx [Server Component]
    ./src/app/page.tsx [Server Component] @ http://localhost:3000/_next/static/chunks/node_modules_next_dist_b0daae9a._.js:2359
[  244848ms] [ERROR] ./src/components/chat/MessageList.tsx:87:34
Parsing ecmascript source code failed
  85 |                           case "step-start":
  86 |                             return partIndex > 0 ? <hr key={partIndex} className="my-3 border-neutral-200" /> : null;
> 87 |                           default:
     |                                  ^
  88 |                             return null;
  89 |                         }
  90 |                       })}

Expected '</', got ':'

Import traces:
  Client Component Browser:
    ./src/components/chat/MessageList.tsx [Client Component Browser]
    ./src/components/chat/ChatInterface.tsx [Client Component Browser]
    ./src/app/main-content.tsx [Client Component Browser]
    ./src/app/main-content.tsx [Server Component]
    ./src/app/page.tsx [Server Component]

  Client Component SSR:
    ./src/components/chat/MessageList.tsx [Client Component SSR]
    ./src/components/chat/ChatInterface.tsx [Client Component SSR]
    ./src/app/main-content.tsx [Client Component SSR]
    ./src/app/main-content.tsx [Server Component]
    ./src/app/page.tsx [Server Component] @ http://localhost:3000/_next/static/chunks/node_modules_next_dist_b0daae9a._.js:2359
[  244895ms] [ERROR] ./src/components/chat/MessageList.tsx:87:34
Parsing ecmascript source code failed
  85 |                           case "step-start":
  86 |                             return partIndex > 0 ? <hr key={partIndex} className="my-3 border-neutral-200" /> : null;
> 87 |                           default:
     |                                  ^
  88 |                             return null;
  89 |                         }
  90 |                       })}

Expected '</', got ':'

Import traces:
  Client Component Browser:
    ./src/components/chat/MessageList.tsx [Client Component Browser]
    ./src/components/chat/ChatInterface.tsx [Client Component Browser]
    ./src/app/main-content.tsx [Client Component Browser]
    ./src/app/main-content.tsx [Server Component]
    ./src/app/page.tsx [Server Component]

  Client Component SSR:
    ./src/components/chat/MessageList.tsx [Client Component SSR]
    ./src/components/chat/ChatInterface.tsx [Client Component SSR]
    ./src/app/main-content.tsx [Client Component SSR]
    ./src/app/main-content.tsx [Server Component]
    ./src/app/page.tsx [Server Component] @ http://localhost:3000/_next/static/chunks/node_modules_next_dist_b0daae9a._.js:2359
[  244943ms] [ERROR] ./src/components/chat/MessageList.tsx:87:34
Parsing ecmascript source code failed
  85 |                           case "step-start":
  86 |                             return partIndex > 0 ? <hr key={partIndex} className="my-3 border-neutral-200" /> : null;
> 87 |                           default:
     |                                  ^
  88 |                             return null;
  89 |                         }
  90 |                       })}

Expected '</', got ':'

Import traces:
  Client Component Browser:
    ./src/components/chat/MessageList.tsx [Client Component Browser]
    ./src/components/chat/ChatInterface.tsx [Client Component Browser]
    ./src/app/main-content.tsx [Client Component Browser]
    ./src/app/main-content.tsx [Server Component]
    ./src/app/page.tsx [Server Component]

  Client Component SSR:
    ./src/components/chat/MessageList.tsx [Client Component SSR]
    ./src/components/chat/ChatInterface.tsx [Client Component SSR]
    ./src/app/main-content.tsx [Client Component SSR]
    ./src/app/main-content.tsx [Server Component]
    ./src/app/page.tsx [Server Component] @ http://localhost:3000/_next/static/chunks/node_modules_next_dist_b0daae9a._.js:2359
[  245006ms] [ERROR] ./src/components/chat/MessageList.tsx:87:34
Parsing ecmascript source code failed
  85 |                           case "step-start":
  86 |                             return partIndex > 0 ? <hr key={partIndex} className="my-3 border-neutral-200" /> : null;
> 87 |                           default:
     |                                  ^
  88 |                             return null;
  89 |                         }
  90 |                       })}

Expected '</', got ':'

Import traces:
  Client Component Browser:
    ./src/components/chat/MessageList.tsx [Client Component Browser]
    ./src/components/chat/ChatInterface.tsx [Client Component Browser]
    ./src/app/main-content.tsx [Client Component Browser]
    ./src/app/main-content.tsx [Server Component]
    ./src/app/page.tsx [Server Component]

  Client Component SSR:
    ./src/components/chat/MessageList.tsx [Client Component SSR]
    ./src/components/chat/ChatInterface.tsx [Client Component SSR]
    ./src/app/main-content.tsx [Client Component SSR]
    ./src/app/main-content.tsx [Server Component]
    ./src/app/page.tsx [Server Component] @ http://localhost:3000/_next/static/chunks/node_modules_next_dist_b0daae9a._.js:2359
[  245054ms] [ERROR] ./src/components/chat/MessageList.tsx:87:34
Parsing ecmascript source code failed
  85 |                           case "step-start":
  86 |                             return partIndex > 0 ? <hr key={partIndex} className="my-3 border-neutral-200" /> : null;
> 87 |                           default:
     |                                  ^
  88 |                             return null;
  89 |                         }
  90 |                       })}

Expected '</', got ':'

Import traces:
  Client Component Browser:
    ./src/components/chat/MessageList.tsx [Client Component Browser]
    ./src/components/chat/ChatInterface.tsx [Client Component Browser]
    ./src/app/main-content.tsx [Client Component Browser]
    ./src/app/main-content.tsx [Server Component]
    ./src/app/page.tsx [Server Component]

  Client Component SSR:
    ./src/components/chat/MessageList.tsx [Client Component SSR]
    ./src/components/chat/ChatInterface.tsx [Client Component SSR]
    ./src/app/main-content.tsx [Client Component SSR]
    ./src/app/main-content.tsx [Server Component]
    ./src/app/page.tsx [Server Component] @ http://localhost:3000/_next/static/chunks/node_modules_next_dist_b0daae9a._.js:2359
[  245102ms] [ERROR] ./src/components/chat/MessageList.tsx:87:34
Parsing ecmascript source code failed
  85 |                           case "step-start":
  86 |                             return partIndex > 0 ? <hr key={partIndex} className="my-3 border-neutral-200" /> : null;
> 87 |                           default:
     |                                  ^
  88 |                             return null;
  89 |                         }
  90 |                       })}

Expected '</', got ':'

Import traces:
  Client Component Browser:
    ./src/components/chat/MessageList.tsx [Client Component Browser]
    ./src/components/chat/ChatInterface.tsx [Client Component Browser]
    ./src/app/main-content.tsx [Client Component Browser]
    ./src/app/main-content.tsx [Server Component]
    ./src/app/page.tsx [Server Component]

  Client Component SSR:
    ./src/components/chat/MessageList.tsx [Client Component SSR]
    ./src/components/chat/ChatInterface.tsx [Client Component SSR]
    ./src/app/main-content.tsx [Client Component SSR]
    ./src/app/main-content.tsx [Server Component]
    ./src/app/page.tsx [Server Component] @ http://localhost:3000/_next/static/chunks/node_modules_next_dist_b0daae9a._.js:2359
[  245171ms] [ERROR] ./src/components/chat/MessageList.tsx:87:34
Parsing ecmascript source code failed
  85 |                           case "step-start":
  86 |                             return partIndex > 0 ? <hr key={partIndex} className="my-3 border-neutral-200" /> : null;
> 87 |                           default:
     |                                  ^
  88 |                             return null;
  89 |                         }
  90 |                       })}

Expected '</', got ':'

Import traces:
  Client Component Browser:
    ./src/components/chat/MessageList.tsx [Client Component Browser]
    ./src/components/chat/ChatInterface.tsx [Client Component Browser]
    ./src/app/main-content.tsx [Client Component Browser]
    ./src/app/main-content.tsx [Server Component]
    ./src/app/page.tsx [Server Component]

  Client Component SSR:
    ./src/components/chat/MessageList.tsx [Client Component SSR]
    ./src/components/chat/ChatInterface.tsx [Client Component SSR]
    ./src/app/main-content.tsx [Client Component SSR]
    ./src/app/main-content.tsx [Server Component]
    ./src/app/page.tsx [Server Component] @ http://localhost:3000/_next/static/chunks/node_modules_next_dist_b0daae9a._.js:2359
[  245235ms] [ERROR] ./src/components/chat/MessageList.tsx:87:34
Parsing ecmascript source code failed
  85 |                           case "step-start":
  86 |                             return partIndex > 0 ? <hr key={partIndex} className="my-3 border-neutral-200" /> : null;
> 87 |                           default:
     |                                  ^
  88 |                             return null;
  89 |                         }
  90 |                       })}

Expected '</', got ':'

Import traces:
  Client Component Browser:
    ./src/components/chat/MessageList.tsx [Client Component Browser]
    ./src/components/chat/ChatInterface.tsx [Client Component Browser]
    ./src/app/main-content.tsx [Client Component Browser]
    ./src/app/main-content.tsx [Server Component]
    ./src/app/page.tsx [Server Component]

  Client Component SSR:
    ./src/components/chat/MessageList.tsx [Client Component SSR]
    ./src/components/chat/ChatInterface.tsx [Client Component SSR]
    ./src/app/main-content.tsx [Client Component SSR]
    ./src/app/main-content.tsx [Server Component]
    ./src/app/page.tsx [Server Component] @ http://localhost:3000/_next/static/chunks/node_modules_next_dist_b0daae9a._.js:2359
[  245282ms] [ERROR] ./src/components/chat/MessageList.tsx:87:34
Parsing ecmascript source code failed
  85 |                           case "step-start":
  86 |                             return partIndex > 0 ? <hr key={partIndex} className="my-3 border-neutral-200" /> : null;
> 87 |                           default:
     |                                  ^
  88 |                             return null;
  89 |                         }
  90 |                       })}

Expected '</', got ':'

Import traces:
  Client Component Browser:
    ./src/components/chat/MessageList.tsx [Client Component Browser]
    ./src/components/chat/ChatInterface.tsx [Client Component Browser]
    ./src/app/main-content.tsx [Client Component Browser]
    ./src/app/main-content.tsx [Server Component]
    ./src/app/page.tsx [Server Component]

  Client Component SSR:
    ./src/components/chat/MessageList.tsx [Client Component SSR]
    ./src/components/chat/ChatInterface.tsx [Client Component SSR]
    ./src/app/main-content.tsx [Client Component SSR]
    ./src/app/main-content.tsx [Server Component]
    ./src/app/page.tsx [Server Component] @ http://localhost:3000/_next/static/chunks/node_modules_next_dist_b0daae9a._.js:2359
[  245331ms] [ERROR] ./src/components/chat/MessageList.tsx:87:34
Parsing ecmascript source code failed
  85 |                           case "step-start":
  86 |                             return partIndex > 0 ? <hr key={partIndex} className="my-3 border-neutral-200" /> : null;
> 87 |                           default:
     |                                  ^
  88 |                             return null;
  89 |                         }
  90 |                       })}

Expected '</', got ':'

Import traces:
  Client Component Browser:
    ./src/components/chat/MessageList.tsx [Client Component Browser]
    ./src/components/chat/ChatInterface.tsx [Client Component Browser]
    ./src/app/main-content.tsx [Client Component Browser]
    ./src/app/main-content.tsx [Server Component]
    ./src/app/page.tsx [Server Component]

  Client Component SSR:
    ./src/components/chat/MessageList.tsx [Client Component SSR]
    ./src/components/chat/ChatInterface.tsx [Client Component SSR]
    ./src/app/main-content.tsx [Client Component SSR]
    ./src/app/main-content.tsx [Server Component]
    ./src/app/page.tsx [Server Component] @ http://localhost:3000/_next/static/chunks/node_modules_next_dist_b0daae9a._.js:2359
[  245394ms] [ERROR] ./src/components/chat/MessageList.tsx:87:34
Parsing ecmascript source code failed
  85 |                           case "step-start":
  86 |                             return partIndex > 0 ? <hr key={partIndex} className="my-3 border-neutral-200" /> : null;
> 87 |                           default:
     |                                  ^
  88 |                             return null;
  89 |                         }
  90 |                       })}

Expected '</', got ':'

Import traces:
  Client Component Browser:
    ./src/components/chat/MessageList.tsx [Client Component Browser]
    ./src/components/chat/ChatInterface.tsx [Client Component Browser]
    ./src/app/main-content.tsx [Client Component Browser]
    ./src/app/main-content.tsx [Server Component]
    ./src/app/page.tsx [Server Component]

  Client Component SSR:
    ./src/components/chat/MessageList.tsx [Client Component SSR]
    ./src/components/chat/ChatInterface.tsx [Client Component SSR]
    ./src/app/main-content.tsx [Client Component SSR]
    ./src/app/main-content.tsx [Server Component]
    ./src/app/page.tsx [Server Component] @ http://localhost:3000/_next/static/chunks/node_modules_next_dist_b0daae9a._.js:2359
[  245457ms] [ERROR] ./src/components/chat/MessageList.tsx:87:34
Parsing ecmascript source code failed
  85 |                           case "step-start":
  86 |                             return partIndex > 0 ? <hr key={partIndex} className="my-3 border-neutral-200" /> : null;
> 87 |                           default:
     |                                  ^
  88 |                             return null;
  89 |                         }
  90 |                       })}

Expected '</', got ':'

Import traces:
  Client Component Browser:
    ./src/components/chat/MessageList.tsx [Client Component Browser]
    ./src/components/chat/ChatInterface.tsx [Client Component Browser]
    ./src/app/main-content.tsx [Client Component Browser]
    ./src/app/main-content.tsx [Server Component]
    ./src/app/page.tsx [Server Component]

  Client Component SSR:
    ./src/components/chat/MessageList.tsx [Client Component SSR]
    ./src/components/chat/ChatInterface.tsx [Client Component SSR]
    ./src/app/main-content.tsx [Client Component SSR]
    ./src/app/main-content.tsx [Server Component]
    ./src/app/page.tsx [Server Component] @ http://localhost:3000/_next/static/chunks/node_modules_next_dist_b0daae9a._.js:2359
[  245521ms] [ERROR] ./src/components/chat/MessageList.tsx:87:34
Parsing ecmascript source code failed
  85 |                           case "step-start":
  86 |                             return partIndex > 0 ? <hr key={partIndex} className="my-3 border-neutral-200" /> : null;
> 87 |                           default:
     |                                  ^
  88 |                             return null;
  89 |                         }
  90 |                       })}

Expected '</', got ':'

Import traces:
  Client Component Browser:
    ./src/components/chat/MessageList.tsx [Client Component Browser]
    ./src/components/chat/ChatInterface.tsx [Client Component Browser]
    ./src/app/main-content.tsx [Client Component Browser]
    ./src/app/main-content.tsx [Server Component]
    ./src/app/page.tsx [Server Component]

  Client Component SSR:
    ./src/components/chat/MessageList.tsx [Client Component SSR]
    ./src/components/chat/ChatInterface.tsx [Client Component SSR]
    ./src/app/main-content.tsx [Client Component SSR]
    ./src/app/main-content.tsx [Server Component]
    ./src/app/page.tsx [Server Component] @ http://localhost:3000/_next/static/chunks/node_modules_next_dist_b0daae9a._.js:2359
[  245583ms] [ERROR] ./src/components/chat/MessageList.tsx:87:34
Parsing ecmascript source code failed
  85 |                           case "step-start":
  86 |                             return partIndex > 0 ? <hr key={partIndex} className="my-3 border-neutral-200" /> : null;
> 87 |                           default:
     |                                  ^
  88 |                             return null;
  89 |                         }
  90 |                       })}

Expected '</', got ':'

Import traces:
  Client Component Browser:
    ./src/components/chat/MessageList.tsx [Client Component Browser]
    ./src/components/chat/ChatInterface.tsx [Client Component Browser]
    ./src/app/main-content.tsx [Client Component Browser]
    ./src/app/main-content.tsx [Server Component]
    ./src/app/page.tsx [Server Component]

  Client Component SSR:
    ./src/components/chat/MessageList.tsx [Client Component SSR]
    ./src/components/chat/ChatInterface.tsx [Client Component SSR]
    ./src/app/main-content.tsx [Client Component SSR]
    ./src/app/main-content.tsx [Server Component]
    ./src/app/page.tsx [Server Component] @ http://localhost:3000/_next/static/chunks/node_modules_next_dist_b0daae9a._.js:2359
[  245647ms] [ERROR] ./src/components/chat/MessageList.tsx:87:34
Parsing ecmascript source code failed
  85 |                           case "step-start":
  86 |                             return partIndex > 0 ? <hr key={partIndex} className="my-3 border-neutral-200" /> : null;
> 87 |                           default:
     |                                  ^
  88 |                             return null;
  89 |                         }
  90 |                       })}

Expected '</', got ':'

Import traces:
  Client Component Browser:
    ./src/components/chat/MessageList.tsx [Client Component Browser]
    ./src/components/chat/ChatInterface.tsx [Client Component Browser]
    ./src/app/main-content.tsx [Client Component Browser]
    ./src/app/main-content.tsx [Server Component]
    ./src/app/page.tsx [Server Component]

  Client Component SSR:
    ./src/components/chat/MessageList.tsx [Client Component SSR]
    ./src/components/chat/ChatInterface.tsx [Client Component SSR]
    ./src/app/main-content.tsx [Client Component SSR]
    ./src/app/main-content.tsx [Server Component]
    ./src/app/page.tsx [Server Component] @ http://localhost:3000/_next/static/chunks/node_modules_next_dist_b0daae9a._.js:2359
[  245711ms] [ERROR] ./src/components/chat/MessageList.tsx:87:34
Parsing ecmascript source code failed
  85 |                           case "step-start":
  86 |                             return partIndex > 0 ? <hr key={partIndex} className="my-3 border-neutral-200" /> : null;
> 87 |                           default:
     |                                  ^
  88 |                             return null;
  89 |                         }
  90 |                       })}

Expected '</', got ':'

Import traces:
  Client Component Browser:
    ./src/components/chat/MessageList.tsx [Client Component Browser]
    ./src/components/chat/ChatInterface.tsx [Client Component Browser]
    ./src/app/main-content.tsx [Client Component Browser]
    ./src/app/main-content.tsx [Server Component]
    ./src/app/page.tsx [Server Component]

  Client Component SSR:
    ./src/components/chat/MessageList.tsx [Client Component SSR]
    ./src/components/chat/ChatInterface.tsx [Client Component SSR]
    ./src/app/main-content.tsx [Client Component SSR]
    ./src/app/main-content.tsx [Server Component]
    ./src/app/page.tsx [Server Component] @ http://localhost:3000/_next/static/chunks/node_modules_next_dist_b0daae9a._.js:2359
[  245758ms] [ERROR] ./src/components/chat/MessageList.tsx:87:34
Parsing ecmascript source code failed
  85 |                           case "step-start":
  86 |                             return partIndex > 0 ? <hr key={partIndex} className="my-3 border-neutral-200" /> : null;
> 87 |                           default:
     |                                  ^
  88 |                             return null;
  89 |                         }
  90 |                       })}

Expected '</', got ':'

Import traces:
  Client Component Browser:
    ./src/components/chat/MessageList.tsx [Client Component Browser]
    ./src/components/chat/ChatInterface.tsx [Client Component Browser]
    ./src/app/main-content.tsx [Client Component Browser]
    ./src/app/main-content.tsx [Server Component]
    ./src/app/page.tsx [Server Component]

  Client Component SSR:
    ./src/components/chat/MessageList.tsx [Client Component SSR]
    ./src/components/chat/ChatInterface.tsx [Client Component SSR]
    ./src/app/main-content.tsx [Client Component SSR]
    ./src/app/main-content.tsx [Server Component]
    ./src/app/page.tsx [Server Component] @ http://localhost:3000/_next/static/chunks/node_modules_next_dist_b0daae9a._.js:2359
[  245821ms] [ERROR] ./src/components/chat/MessageList.tsx:87:34
Parsing ecmascript source code failed
  85 |                           case "step-start":
  86 |                             return partIndex > 0 ? <hr key={partIndex} className="my-3 border-neutral-200" /> : null;
> 87 |                           default:
     |                                  ^
  88 |                             return null;
  89 |                         }
  90 |                       })}

Expected '</', got ':'

Import traces:
  Client Component Browser:
    ./src/components/chat/MessageList.tsx [Client Component Browser]
    ./src/components/chat/ChatInterface.tsx [Client Component Browser]
    ./src/app/main-content.tsx [Client Component Browser]
    ./src/app/main-content.tsx [Server Component]
    ./src/app/page.tsx [Server Component]

  Client Component SSR:
    ./src/components/chat/MessageList.tsx [Client Component SSR]
    ./src/components/chat/ChatInterface.tsx [Client Component SSR]
    ./src/app/main-content.tsx [Client Component SSR]
    ./src/app/main-content.tsx [Server Component]
    ./src/app/page.tsx [Server Component] @ http://localhost:3000/_next/static/chunks/node_modules_next_dist_b0daae9a._.js:2359
[  245869ms] [ERROR] ./src/components/chat/MessageList.tsx:87:34
Parsing ecmascript source code failed
  85 |                           case "step-start":
  86 |                             return partIndex > 0 ? <hr key={partIndex} className="my-3 border-neutral-200" /> : null;
> 87 |                           default:
     |                                  ^
  88 |                             return null;
  89 |                         }
  90 |                       })}

Expected '</', got ':'

Import traces:
  Client Component Browser:
    ./src/components/chat/MessageList.tsx [Client Component Browser]
    ./src/components/chat/ChatInterface.tsx [Client Component Browser]
    ./src/app/main-content.tsx [Client Component Browser]
    ./src/app/main-content.tsx [Server Component]
    ./src/app/page.tsx [Server Component]

  Client Component SSR:
    ./src/components/chat/MessageList.tsx [Client Component SSR]
    ./src/components/chat/ChatInterface.tsx [Client Component SSR]
    ./src/app/main-content.tsx [Client Component SSR]
    ./src/app/main-content.tsx [Server Component]
    ./src/app/page.tsx [Server Component] @ http://localhost:3000/_next/static/chunks/node_modules_next_dist_b0daae9a._.js:2359
[  245922ms] [ERROR] ./src/components/chat/MessageList.tsx:87:34
Parsing ecmascript source code failed
  85 |                           case "step-start":
  86 |                             return partIndex > 0 ? <hr key={partIndex} className="my-3 border-neutral-200" /> : null;
> 87 |                           default:
     |                                  ^
  88 |                             return null;
  89 |                         }
  90 |                       })}

Expected '</', got ':'

Import traces:
  Client Component Browser:
    ./src/components/chat/MessageList.tsx [Client Component Browser]
    ./src/components/chat/ChatInterface.tsx [Client Component Browser]
    ./src/app/main-content.tsx [Client Component Browser]
    ./src/app/main-content.tsx [Server Component]
    ./src/app/page.tsx [Server Component]

  Client Component SSR:
    ./src/components/chat/MessageList.tsx [Client Component SSR]
    ./src/components/chat/ChatInterface.tsx [Client Component SSR]
    ./src/app/main-content.tsx [Client Component SSR]
    ./src/app/main-content.tsx [Server Component]
    ./src/app/page.tsx [Server Component] @ http://localhost:3000/_next/static/chunks/node_modules_next_dist_b0daae9a._.js:2359
[  245985ms] [ERROR] ./src/components/chat/MessageList.tsx:87:34
Parsing ecmascript source code failed
  85 |                           case "step-start":
  86 |                             return partIndex > 0 ? <hr key={partIndex} className="my-3 border-neutral-200" /> : null;
> 87 |                           default:
     |                                  ^
  88 |                             return null;
  89 |                         }
  90 |                       })}

Expected '</', got ':'

Import traces:
  Client Component Browser:
    ./src/components/chat/MessageList.tsx [Client Component Browser]
    ./src/components/chat/ChatInterface.tsx [Client Component Browser]
    ./src/app/main-content.tsx [Client Component Browser]
    ./src/app/main-content.tsx [Server Component]
    ./src/app/page.tsx [Server Component]

  Client Component SSR:
    ./src/components/chat/MessageList.tsx [Client Component SSR]
    ./src/components/chat/ChatInterface.tsx [Client Component SSR]
    ./src/app/main-content.tsx [Client Component SSR]
    ./src/app/main-content.tsx [Server Component]
    ./src/app/page.tsx [Server Component] @ http://localhost:3000/_next/static/chunks/node_modules_next_dist_b0daae9a._.js:2359
[  246033ms] [ERROR] ./src/components/chat/MessageList.tsx:87:34
Parsing ecmascript source code failed
  85 |                           case "step-start":
  86 |                             return partIndex > 0 ? <hr key={partIndex} className="my-3 border-neutral-200" /> : null;
> 87 |                           default:
     |                                  ^
  88 |                             return null;
  89 |                         }
  90 |                       })}

Expected '</', got ':'

Import traces:
  Client Component Browser:
    ./src/components/chat/MessageList.tsx [Client Component Browser]
    ./src/components/chat/ChatInterface.tsx [Client Component Browser]
    ./src/app/main-content.tsx [Client Component Browser]
    ./src/app/main-content.tsx [Server Component]
    ./src/app/page.tsx [Server Component]

  Client Component SSR:
    ./src/components/chat/MessageList.tsx [Client Component SSR]
    ./src/components/chat/ChatInterface.tsx [Client Component SSR]
    ./src/app/main-content.tsx [Client Component SSR]
    ./src/app/main-content.tsx [Server Component]
    ./src/app/page.tsx [Server Component] @ http://localhost:3000/_next/static/chunks/node_modules_next_dist_b0daae9a._.js:2359
[  246097ms] [ERROR] ./src/components/chat/MessageList.tsx:87:34
Parsing ecmascript source code failed
  85 |                           case "step-start":
  86 |                             return partIndex > 0 ? <hr key={partIndex} className="my-3 border-neutral-200" /> : null;
> 87 |                           default:
     |                                  ^
  88 |                             return null;
  89 |                         }
  90 |                       })}

Expected '</', got ':'

Import traces:
  Client Component Browser:
    ./src/components/chat/MessageList.tsx [Client Component Browser]
    ./src/components/chat/ChatInterface.tsx [Client Component Browser]
    ./src/app/main-content.tsx [Client Component Browser]
    ./src/app/main-content.tsx [Server Component]
    ./src/app/page.tsx [Server Component]

  Client Component SSR:
    ./src/components/chat/MessageList.tsx [Client Component SSR]
    ./src/components/chat/ChatInterface.tsx [Client Component SSR]
    ./src/app/main-content.tsx [Client Component SSR]
    ./src/app/main-content.tsx [Server Component]
    ./src/app/page.tsx [Server Component] @ http://localhost:3000/_next/static/chunks/node_modules_next_dist_b0daae9a._.js:2359
[  246160ms] [ERROR] ./src/components/chat/MessageList.tsx:87:34
Parsing ecmascript source code failed
  85 |                           case "step-start":
  86 |                             return partIndex > 0 ? <hr key={partIndex} className="my-3 border-neutral-200" /> : null;
> 87 |                           default:
     |                                  ^
  88 |                             return null;
  89 |                         }
  90 |                       })}

Expected '</', got ':'

Import traces:
  Client Component Browser:
    ./src/components/chat/MessageList.tsx [Client Component Browser]
    ./src/components/chat/ChatInterface.tsx [Client Component Browser]
    ./src/app/main-content.tsx [Client Component Browser]
    ./src/app/main-content.tsx [Server Component]
    ./src/app/page.tsx [Server Component]

  Client Component SSR:
    ./src/components/chat/MessageList.tsx [Client Component SSR]
    ./src/components/chat/ChatInterface.tsx [Client Component SSR]
    ./src/app/main-content.tsx [Client Component SSR]
    ./src/app/main-content.tsx [Server Component]
    ./src/app/page.tsx [Server Component] @ http://localhost:3000/_next/static/chunks/node_modules_next_dist_b0daae9a._.js:2359
[  246223ms] [ERROR] ./src/components/chat/MessageList.tsx:87:34
Parsing ecmascript source code failed
  85 |                           case "step-start":
  86 |                             return partIndex > 0 ? <hr key={partIndex} className="my-3 border-neutral-200" /> : null;
> 87 |                           default:
     |                                  ^
  88 |                             return null;
  89 |                         }
  90 |                       })}

Expected '</', got ':'

Import traces:
  Client Component Browser:
    ./src/components/chat/MessageList.tsx [Client Component Browser]
    ./src/components/chat/ChatInterface.tsx [Client Component Browser]
    ./src/app/main-content.tsx [Client Component Browser]
    ./src/app/main-content.tsx [Server Component]
    ./src/app/page.tsx [Server Component]

  Client Component SSR:
    ./src/components/chat/MessageList.tsx [Client Component SSR]
    ./src/components/chat/ChatInterface.tsx [Client Component SSR]
    ./src/app/main-content.tsx [Client Component SSR]
    ./src/app/main-content.tsx [Server Component]
    ./src/app/page.tsx [Server Component] @ http://localhost:3000/_next/static/chunks/node_modules_next_dist_b0daae9a._.js:2359
[  246290ms] [ERROR] ./src/components/chat/MessageList.tsx:87:34
Parsing ecmascript source code failed
  85 |                           case "step-start":
  86 |                             return partIndex > 0 ? <hr key={partIndex} className="my-3 border-neutral-200" /> : null;
> 87 |                           default:
     |                                  ^
  88 |                             return null;
  89 |                         }
  90 |                       })}

Expected '</', got ':'

Import traces:
  Client Component Browser:
    ./src/components/chat/MessageList.tsx [Client Component Browser]
    ./src/components/chat/ChatInterface.tsx [Client Component Browser]
    ./src/app/main-content.tsx [Client Component Browser]
    ./src/app/main-content.tsx [Server Component]
    ./src/app/page.tsx [Server Component]

  Client Component SSR:
    ./src/components/chat/MessageList.tsx [Client Component SSR]
    ./src/components/chat/ChatInterface.tsx [Client Component SSR]
    ./src/app/main-content.tsx [Client Component SSR]
    ./src/app/main-content.tsx [Server Component]
    ./src/app/page.tsx [Server Component] @ http://localhost:3000/_next/static/chunks/node_modules_next_dist_b0daae9a._.js:2359
[  246354ms] [ERROR] ./src/components/chat/MessageList.tsx:87:34
Parsing ecmascript source code failed
  85 |                           case "step-start":
  86 |                             return partIndex > 0 ? <hr key={partIndex} className="my-3 border-neutral-200" /> : null;
> 87 |                           default:
     |                                  ^
  88 |                             return null;
  89 |                         }
  90 |                       })}

Expected '</', got ':'

Import traces:
  Client Component Browser:
    ./src/components/chat/MessageList.tsx [Client Component Browser]
    ./src/components/chat/ChatInterface.tsx [Client Component Browser]
    ./src/app/main-content.tsx [Client Component Browser]
    ./src/app/main-content.tsx [Server Component]
    ./src/app/page.tsx [Server Component]

  Client Component SSR:
    ./src/components/chat/MessageList.tsx [Client Component SSR]
    ./src/components/chat/ChatInterface.tsx [Client Component SSR]
    ./src/app/main-content.tsx [Client Component SSR]
    ./src/app/main-content.tsx [Server Component]
    ./src/app/page.tsx [Server Component] @ http://localhost:3000/_next/static/chunks/node_modules_next_dist_b0daae9a._.js:2359
[  246400ms] [ERROR] ./src/components/chat/MessageList.tsx:87:34
Parsing ecmascript source code failed
  85 |                           case "step-start":
  86 |                             return partIndex > 0 ? <hr key={partIndex} className="my-3 border-neutral-200" /> : null;
> 87 |                           default:
     |                                  ^
  88 |                             return null;
  89 |                         }
  90 |                       })}

Expected '</', got ':'

Import traces:
  Client Component Browser:
    ./src/components/chat/MessageList.tsx [Client Component Browser]
    ./src/components/chat/ChatInterface.tsx [Client Component Browser]
    ./src/app/main-content.tsx [Client Component Browser]
    ./src/app/main-content.tsx [Server Component]
    ./src/app/page.tsx [Server Component]

  Client Component SSR:
    ./src/components/chat/MessageList.tsx [Client Component SSR]
    ./src/components/chat/ChatInterface.tsx [Client Component SSR]
    ./src/app/main-content.tsx [Client Component SSR]
    ./src/app/main-content.tsx [Server Component]
    ./src/app/page.tsx [Server Component] @ http://localhost:3000/_next/static/chunks/node_modules_next_dist_b0daae9a._.js:2359
[  246450ms] [ERROR] ./src/components/chat/MessageList.tsx:87:34
Parsing ecmascript source code failed
  85 |                           case "step-start":
  86 |                             return partIndex > 0 ? <hr key={partIndex} className="my-3 border-neutral-200" /> : null;
> 87 |                           default:
     |                                  ^
  88 |                             return null;
  89 |                         }
  90 |                       })}

Expected '</', got ':'

Import traces:
  Client Component Browser:
    ./src/components/chat/MessageList.tsx [Client Component Browser]
    ./src/components/chat/ChatInterface.tsx [Client Component Browser]
    ./src/app/main-content.tsx [Client Component Browser]
    ./src/app/main-content.tsx [Server Component]
    ./src/app/page.tsx [Server Component]

  Client Component SSR:
    ./src/components/chat/MessageList.tsx [Client Component SSR]
    ./src/components/chat/ChatInterface.tsx [Client Component SSR]
    ./src/app/main-content.tsx [Client Component SSR]
    ./src/app/main-content.tsx [Server Component]
    ./src/app/page.tsx [Server Component] @ http://localhost:3000/_next/static/chunks/node_modules_next_dist_b0daae9a._.js:2359
[  246513ms] [ERROR] ./src/components/chat/MessageList.tsx:87:34
Parsing ecmascript source code failed
  85 |                           case "step-start":
  86 |                             return partIndex > 0 ? <hr key={partIndex} className="my-3 border-neutral-200" /> : null;
> 87 |                           default:
     |                                  ^
  88 |                             return null;
  89 |                         }
  90 |                       })}

Expected '</', got ':'

Import traces:
  Client Component Browser:
    ./src/components/chat/MessageList.tsx [Client Component Browser]
    ./src/components/chat/ChatInterface.tsx [Client Component Browser]
    ./src/app/main-content.tsx [Client Component Browser]
    ./src/app/main-content.tsx [Server Component]
    ./src/app/page.tsx [Server Component]

  Client Component SSR:
    ./src/components/chat/MessageList.tsx [Client Component SSR]
    ./src/components/chat/ChatInterface.tsx [Client Component SSR]
    ./src/app/main-content.tsx [Client Component SSR]
    ./src/app/main-content.tsx [Server Component]
    ./src/app/page.tsx [Server Component] @ http://localhost:3000/_next/static/chunks/node_modules_next_dist_b0daae9a._.js:2359
[  246575ms] [ERROR] ./src/components/chat/MessageList.tsx:87:34
Parsing ecmascript source code failed
  85 |                           case "step-start":
  86 |                             return partIndex > 0 ? <hr key={partIndex} className="my-3 border-neutral-200" /> : null;
> 87 |                           default:
     |                                  ^
  88 |                             return null;
  89 |                         }
  90 |                       })}

Expected '</', got ':'

Import traces:
  Client Component Browser:
    ./src/components/chat/MessageList.tsx [Client Component Browser]
    ./src/components/chat/ChatInterface.tsx [Client Component Browser]
    ./src/app/main-content.tsx [Client Component Browser]
    ./src/app/main-content.tsx [Server Component]
    ./src/app/page.tsx [Server Component]

  Client Component SSR:
    ./src/components/chat/MessageList.tsx [Client Component SSR]
    ./src/components/chat/ChatInterface.tsx [Client Component SSR]
    ./src/app/main-content.tsx [Client Component SSR]
    ./src/app/main-content.tsx [Server Component]
    ./src/app/page.tsx [Server Component] @ http://localhost:3000/_next/static/chunks/node_modules_next_dist_b0daae9a._.js:2359
[  246623ms] [ERROR] ./src/components/chat/MessageList.tsx:87:34
Parsing ecmascript source code failed
  85 |                           case "step-start":
  86 |                             return partIndex > 0 ? <hr key={partIndex} className="my-3 border-neutral-200" /> : null;
> 87 |                           default:
     |                                  ^
  88 |                             return null;
  89 |                         }
  90 |                       })}

Expected '</', got ':'

Import traces:
  Client Component Browser:
    ./src/components/chat/MessageList.tsx [Client Component Browser]
    ./src/components/chat/ChatInterface.tsx [Client Component Browser]
    ./src/app/main-content.tsx [Client Component Browser]
    ./src/app/main-content.tsx [Server Component]
    ./src/app/page.tsx [Server Component]

  Client Component SSR:
    ./src/components/chat/MessageList.tsx [Client Component SSR]
    ./src/components/chat/ChatInterface.tsx [Client Component SSR]
    ./src/app/main-content.tsx [Client Component SSR]
    ./src/app/main-content.tsx [Server Component]
    ./src/app/page.tsx [Server Component] @ http://localhost:3000/_next/static/chunks/node_modules_next_dist_b0daae9a._.js:2359
[  246685ms] [ERROR] ./src/components/chat/MessageList.tsx:87:34
Parsing ecmascript source code failed
  85 |                           case "step-start":
  86 |                             return partIndex > 0 ? <hr key={partIndex} className="my-3 border-neutral-200" /> : null;
> 87 |                           default:
     |                                  ^
  88 |                             return null;
  89 |                         }
  90 |                       })}

Expected '</', got ':'

Import traces:
  Client Component Browser:
    ./src/components/chat/MessageList.tsx [Client Component Browser]
    ./src/components/chat/ChatInterface.tsx [Client Component Browser]
    ./src/app/main-content.tsx [Client Component Browser]
    ./src/app/main-content.tsx [Server Component]
    ./src/app/page.tsx [Server Component]

  Client Component SSR:
    ./src/components/chat/MessageList.tsx [Client Component SSR]
    ./src/components/chat/ChatInterface.tsx [Client Component SSR]
    ./src/app/main-content.tsx [Client Component SSR]
    ./src/app/main-content.tsx [Server Component]
    ./src/app/page.tsx [Server Component] @ http://localhost:3000/_next/static/chunks/node_modules_next_dist_b0daae9a._.js:2359
[  246751ms] [ERROR] ./src/components/chat/MessageList.tsx:87:34
Parsing ecmascript source code failed
  85 |                           case "step-start":
  86 |                             return partIndex > 0 ? <hr key={partIndex} className="my-3 border-neutral-200" /> : null;
> 87 |                           default:
     |                                  ^
  88 |                             return null;
  89 |                         }
  90 |                       })}

Expected '</', got ':'

Import traces:
  Client Component Browser:
    ./src/components/chat/MessageList.tsx [Client Component Browser]
    ./src/components/chat/ChatInterface.tsx [Client Component Browser]
    ./src/app/main-content.tsx [Client Component Browser]
    ./src/app/main-content.tsx [Server Component]
    ./src/app/page.tsx [Server Component]

  Client Component SSR:
    ./src/components/chat/MessageList.tsx [Client Component SSR]
    ./src/components/chat/ChatInterface.tsx [Client Component SSR]
    ./src/app/main-content.tsx [Client Component SSR]
    ./src/app/main-content.tsx [Server Component]
    ./src/app/page.tsx [Server Component] @ http://localhost:3000/_next/static/chunks/node_modules_next_dist_b0daae9a._.js:2359
[  246814ms] [ERROR] ./src/components/chat/MessageList.tsx:87:34
Parsing ecmascript source code failed
  85 |                           case "step-start":
  86 |                             return partIndex > 0 ? <hr key={partIndex} className="my-3 border-neutral-200" /> : null;
> 87 |                           default:
     |                                  ^
  88 |                             return null;
  89 |                         }
  90 |                       })}

Expected '</', got ':'

Import traces:
  Client Component Browser:
    ./src/components/chat/MessageList.tsx [Client Component Browser]
    ./src/components/chat/ChatInterface.tsx [Client Component Browser]
    ./src/app/main-content.tsx [Client Component Browser]
    ./src/app/main-content.tsx [Server Component]
    ./src/app/page.tsx [Server Component]

  Client Component SSR:
    ./src/components/chat/MessageList.tsx [Client Component SSR]
    ./src/components/chat/ChatInterface.tsx [Client Component SSR]
    ./src/app/main-content.tsx [Client Component SSR]
    ./src/app/main-content.tsx [Server Component]
    ./src/app/page.tsx [Server Component] @ http://localhost:3000/_next/static/chunks/node_modules_next_dist_b0daae9a._.js:2359
[  246876ms] [ERROR] ./src/components/chat/MessageList.tsx:87:34
Parsing ecmascript source code failed
  85 |                           case "step-start":
  86 |                             return partIndex > 0 ? <hr key={partIndex} className="my-3 border-neutral-200" /> : null;
> 87 |                           default:
     |                                  ^
  88 |                             return null;
  89 |                         }
  90 |                       })}

Expected '</', got ':'

Import traces:
  Client Component Browser:
    ./src/components/chat/MessageList.tsx [Client Component Browser]
    ./src/components/chat/ChatInterface.tsx [Client Component Browser]
    ./src/app/main-content.tsx [Client Component Browser]
    ./src/app/main-content.tsx [Server Component]
    ./src/app/page.tsx [Server Component]

  Client Component SSR:
    ./src/components/chat/MessageList.tsx [Client Component SSR]
    ./src/components/chat/ChatInterface.tsx [Client Component SSR]
    ./src/app/main-content.tsx [Client Component SSR]
    ./src/app/main-content.tsx [Server Component]
    ./src/app/page.tsx [Server Component] @ http://localhost:3000/_next/static/chunks/node_modules_next_dist_b0daae9a._.js:2359
[  246942ms] [ERROR] ./src/components/chat/MessageList.tsx:87:34
Parsing ecmascript source code failed
  85 |                           case "step-start":
  86 |                             return partIndex > 0 ? <hr key={partIndex} className="my-3 border-neutral-200" /> : null;
> 87 |                           default:
     |                                  ^
  88 |                             return null;
  89 |                         }
  90 |                       })}

Expected '</', got ':'

Import traces:
  Client Component Browser:
    ./src/components/chat/MessageList.tsx [Client Component Browser]
    ./src/components/chat/ChatInterface.tsx [Client Component Browser]
    ./src/app/main-content.tsx [Client Component Browser]
    ./src/app/main-content.tsx [Server Component]
    ./src/app/page.tsx [Server Component]

  Client Component SSR:
    ./src/components/chat/MessageList.tsx [Client Component SSR]
    ./src/components/chat/ChatInterface.tsx [Client Component SSR]
    ./src/app/main-content.tsx [Client Component SSR]
    ./src/app/main-content.tsx [Server Component]
    ./src/app/page.tsx [Server Component] @ http://localhost:3000/_next/static/chunks/node_modules_next_dist_b0daae9a._.js:2359
[  246988ms] [ERROR] ./src/components/chat/MessageList.tsx:87:34
Parsing ecmascript source code failed
  85 |                           case "step-start":
  86 |                             return partIndex > 0 ? <hr key={partIndex} className="my-3 border-neutral-200" /> : null;
> 87 |                           default:
     |                                  ^
  88 |                             return null;
  89 |                         }
  90 |                       })}

Expected '</', got ':'

Import traces:
  Client Component Browser:
    ./src/components/chat/MessageList.tsx [Client Component Browser]
    ./src/components/chat/ChatInterface.tsx [Client Component Browser]
    ./src/app/main-content.tsx [Client Component Browser]
    ./src/app/main-content.tsx [Server Component]
    ./src/app/page.tsx [Server Component]

  Client Component SSR:
    ./src/components/chat/MessageList.tsx [Client Component SSR]
    ./src/components/chat/ChatInterface.tsx [Client Component SSR]
    ./src/app/main-content.tsx [Client Component SSR]
    ./src/app/main-content.tsx [Server Component]
    ./src/app/page.tsx [Server Component] @ http://localhost:3000/_next/static/chunks/node_modules_next_dist_b0daae9a._.js:2359
[  247035ms] [ERROR] ./src/components/chat/MessageList.tsx:87:34
Parsing ecmascript source code failed
  85 |                           case "step-start":
  86 |                             return partIndex > 0 ? <hr key={partIndex} className="my-3 border-neutral-200" /> : null;
> 87 |                           default:
     |                                  ^
  88 |                             return null;
  89 |                         }
  90 |                       })}

Expected '</', got ':'

Import traces:
  Client Component Browser:
    ./src/components/chat/MessageList.tsx [Client Component Browser]
    ./src/components/chat/ChatInterface.tsx [Client Component Browser]
    ./src/app/main-content.tsx [Client Component Browser]
    ./src/app/main-content.tsx [Server Component]
    ./src/app/page.tsx [Server Component]

  Client Component SSR:
    ./src/components/chat/MessageList.tsx [Client Component SSR]
    ./src/components/chat/ChatInterface.tsx [Client Component SSR]
    ./src/app/main-content.tsx [Client Component SSR]
    ./src/app/main-content.tsx [Server Component]
    ./src/app/page.tsx [Server Component] @ http://localhost:3000/_next/static/chunks/node_modules_next_dist_b0daae9a._.js:2359
[  247100ms] [ERROR] ./src/components/chat/MessageList.tsx:87:34
Parsing ecmascript source code failed
  85 |                           case "step-start":
  86 |                             return partIndex > 0 ? <hr key={partIndex} className="my-3 border-neutral-200" /> : null;
> 87 |                           default:
     |                                  ^
  88 |                             return null;
  89 |                         }
  90 |                       })}

Expected '</', got ':'

Import traces:
  Client Component Browser:
    ./src/components/chat/MessageList.tsx [Client Component Browser]
    ./src/components/chat/ChatInterface.tsx [Client Component Browser]
    ./src/app/main-content.tsx [Client Component Browser]
    ./src/app/main-content.tsx [Server Component]
    ./src/app/page.tsx [Server Component]

  Client Component SSR:
    ./src/components/chat/MessageList.tsx [Client Component SSR]
    ./src/components/chat/ChatInterface.tsx [Client Component SSR]
    ./src/app/main-content.tsx [Client Component SSR]
    ./src/app/main-content.tsx [Server Component]
    ./src/app/page.tsx [Server Component] @ http://localhost:3000/_next/static/chunks/node_modules_next_dist_b0daae9a._.js:2359
[  247163ms] [ERROR] ./src/components/chat/MessageList.tsx:87:34
Parsing ecmascript source code failed
  85 |                           case "step-start":
  86 |                             return partIndex > 0 ? <hr key={partIndex} className="my-3 border-neutral-200" /> : null;
> 87 |                           default:
     |                                  ^
  88 |                             return null;
  89 |                         }
  90 |                       })}

Expected '</', got ':'

Import traces:
  Client Component Browser:
    ./src/components/chat/MessageList.tsx [Client Component Browser]
    ./src/components/chat/ChatInterface.tsx [Client Component Browser]
    ./src/app/main-content.tsx [Client Component Browser]
    ./src/app/main-content.tsx [Server Component]
    ./src/app/page.tsx [Server Component]

  Client Component SSR:
    ./src/components/chat/MessageList.tsx [Client Component SSR]
    ./src/components/chat/ChatInterface.tsx [Client Component SSR]
    ./src/app/main-content.tsx [Client Component SSR]
    ./src/app/main-content.tsx [Server Component]
    ./src/app/page.tsx [Server Component] @ http://localhost:3000/_next/static/chunks/node_modules_next_dist_b0daae9a._.js:2359
[  247226ms] [ERROR] ./src/components/chat/MessageList.tsx:87:34
Parsing ecmascript source code failed
  85 |                           case "step-start":
  86 |                             return partIndex > 0 ? <hr key={partIndex} className="my-3 border-neutral-200" /> : null;
> 87 |                           default:
     |                                  ^
  88 |                             return null;
  89 |                         }
  90 |                       })}

Expected '</', got ':'

Import traces:
  Client Component Browser:
    ./src/components/chat/MessageList.tsx [Client Component Browser]
    ./src/components/chat/ChatInterface.tsx [Client Component Browser]
    ./src/app/main-content.tsx [Client Component Browser]
    ./src/app/main-content.tsx [Server Component]
    ./src/app/page.tsx [Server Component]

  Client Component SSR:
    ./src/components/chat/MessageList.tsx [Client Component SSR]
    ./src/components/chat/ChatInterface.tsx [Client Component SSR]
    ./src/app/main-content.tsx [Client Component SSR]
    ./src/app/main-content.tsx [Server Component]
    ./src/app/page.tsx [Server Component] @ http://localhost:3000/_next/static/chunks/node_modules_next_dist_b0daae9a._.js:2359
[  247274ms] [ERROR] ./src/components/chat/MessageList.tsx:87:34
Parsing ecmascript source code failed
  85 |                           case "step-start":
  86 |                             return partIndex > 0 ? <hr key={partIndex} className="my-3 border-neutral-200" /> : null;
> 87 |                           default:
     |                                  ^
  88 |                             return null;
  89 |                         }
  90 |                       })}

Expected '</', got ':'

Import traces:
  Client Component Browser:
    ./src/components/chat/MessageList.tsx [Client Component Browser]
    ./src/components/chat/ChatInterface.tsx [Client Component Browser]
    ./src/app/main-content.tsx [Client Component Browser]
    ./src/app/main-content.tsx [Server Component]
    ./src/app/page.tsx [Server Component]

  Client Component SSR:
    ./src/components/chat/MessageList.tsx [Client Component SSR]
    ./src/components/chat/ChatInterface.tsx [Client Component SSR]
    ./src/app/main-content.tsx [Client Component SSR]
    ./src/app/main-content.tsx [Server Component]
    ./src/app/page.tsx [Server Component] @ http://localhost:3000/_next/static/chunks/node_modules_next_dist_b0daae9a._.js:2359
[  247324ms] [ERROR] ./src/components/chat/MessageList.tsx:87:34
Parsing ecmascript source code failed
  85 |                           case "step-start":
  86 |                             return partIndex > 0 ? <hr key={partIndex} className="my-3 border-neutral-200" /> : null;
> 87 |                           default:
     |                                  ^
  88 |                             return null;
  89 |                         }
  90 |                       })}

Expected '</', got ':'

Import traces:
  Client Component Browser:
    ./src/components/chat/MessageList.tsx [Client Component Browser]
    ./src/components/chat/ChatInterface.tsx [Client Component Browser]
    ./src/app/main-content.tsx [Client Component Browser]
    ./src/app/main-content.tsx [Server Component]
    ./src/app/page.tsx [Server Component]

  Client Component SSR:
    ./src/components/chat/MessageList.tsx [Client Component SSR]
    ./src/components/chat/ChatInterface.tsx [Client Component SSR]
    ./src/app/main-content.tsx [Client Component SSR]
    ./src/app/main-content.tsx [Server Component]
    ./src/app/page.tsx [Server Component] @ http://localhost:3000/_next/static/chunks/node_modules_next_dist_b0daae9a._.js:2359
[  247388ms] [ERROR] ./src/components/chat/MessageList.tsx:87:34
Parsing ecmascript source code failed
  85 |                           case "step-start":
  86 |                             return partIndex > 0 ? <hr key={partIndex} className="my-3 border-neutral-200" /> : null;
> 87 |                           default:
     |                                  ^
  88 |                             return null;
  89 |                         }
  90 |                       })}

Expected '</', got ':'

Import traces:
  Client Component Browser:
    ./src/components/chat/MessageList.tsx [Client Component Browser]
    ./src/components/chat/ChatInterface.tsx [Client Component Browser]
    ./src/app/main-content.tsx [Client Component Browser]
    ./src/app/main-content.tsx [Server Component]
    ./src/app/page.tsx [Server Component]

  Client Component SSR:
    ./src/components/chat/MessageList.tsx [Client Component SSR]
    ./src/components/chat/ChatInterface.tsx [Client Component SSR]
    ./src/app/main-content.tsx [Client Component SSR]
    ./src/app/main-content.tsx [Server Component]
    ./src/app/page.tsx [Server Component] @ http://localhost:3000/_next/static/chunks/node_modules_next_dist_b0daae9a._.js:2359
[  247452ms] [ERROR] ./src/components/chat/MessageList.tsx:87:34
Parsing ecmascript source code failed
  85 |                           case "step-start":
  86 |                             return partIndex > 0 ? <hr key={partIndex} className="my-3 border-neutral-200" /> : null;
> 87 |                           default:
     |                                  ^
  88 |                             return null;
  89 |                         }
  90 |                       })}

Expected '</', got ':'

Import traces:
  Client Component Browser:
    ./src/components/chat/MessageList.tsx [Client Component Browser]
    ./src/components/chat/ChatInterface.tsx [Client Component Browser]
    ./src/app/main-content.tsx [Client Component Browser]
    ./src/app/main-content.tsx [Server Component]
    ./src/app/page.tsx [Server Component]

  Client Component SSR:
    ./src/components/chat/MessageList.tsx [Client Component SSR]
    ./src/components/chat/ChatInterface.tsx [Client Component SSR]
    ./src/app/main-content.tsx [Client Component SSR]
    ./src/app/main-content.tsx [Server Component]
    ./src/app/page.tsx [Server Component] @ http://localhost:3000/_next/static/chunks/node_modules_next_dist_b0daae9a._.js:2359
[  247514ms] [ERROR] ./src/components/chat/MessageList.tsx:87:34
Parsing ecmascript source code failed
  85 |                           case "step-start":
  86 |                             return partIndex > 0 ? <hr key={partIndex} className="my-3 border-neutral-200" /> : null;
> 87 |                           default:
     |                                  ^
  88 |                             return null;
  89 |                         }
  90 |                       })}

Expected '</', got ':'

Import traces:
  Client Component Browser:
    ./src/components/chat/MessageList.tsx [Client Component Browser]
    ./src/components/chat/ChatInterface.tsx [Client Component Browser]
    ./src/app/main-content.tsx [Client Component Browser]
    ./src/app/main-content.tsx [Server Component]
    ./src/app/page.tsx [Server Component]

  Client Component SSR:
    ./src/components/chat/MessageList.tsx [Client Component SSR]
    ./src/components/chat/ChatInterface.tsx [Client Component SSR]
    ./src/app/main-content.tsx [Client Component SSR]
    ./src/app/main-content.tsx [Server Component]
    ./src/app/page.tsx [Server Component] @ http://localhost:3000/_next/static/chunks/node_modules_next_dist_b0daae9a._.js:2359
[  247581ms] [ERROR] ./src/components/chat/MessageList.tsx:87:34
Parsing ecmascript source code failed
  85 |                           case "step-start":
  86 |                             return partIndex > 0 ? <hr key={partIndex} className="my-3 border-neutral-200" /> : null;
> 87 |                           default:
     |                                  ^
  88 |                             return null;
  89 |                         }
  90 |                       })}

Expected '</', got ':'

Import traces:
  Client Component Browser:
    ./src/components/chat/MessageList.tsx [Client Component Browser]
    ./src/components/chat/ChatInterface.tsx [Client Component Browser]
    ./src/app/main-content.tsx [Client Component Browser]
    ./src/app/main-content.tsx [Server Component]
    ./src/app/page.tsx [Server Component]

  Client Component SSR:
    ./src/components/chat/MessageList.tsx [Client Component SSR]
    ./src/components/chat/ChatInterface.tsx [Client Component SSR]
    ./src/app/main-content.tsx [Client Component SSR]
    ./src/app/main-content.tsx [Server Component]
    ./src/app/page.tsx [Server Component] @ http://localhost:3000/_next/static/chunks/node_modules_next_dist_b0daae9a._.js:2359
[  247628ms] [ERROR] ./src/components/chat/MessageList.tsx:87:34
Parsing ecmascript source code failed
  85 |                           case "step-start":
  86 |                             return partIndex > 0 ? <hr key={partIndex} className="my-3 border-neutral-200" /> : null;
> 87 |                           default:
     |                                  ^
  88 |                             return null;
  89 |                         }
  90 |                       })}

Expected '</', got ':'

Import traces:
  Client Component Browser:
    ./src/components/chat/MessageList.tsx [Client Component Browser]
    ./src/components/chat/ChatInterface.tsx [Client Component Browser]
    ./src/app/main-content.tsx [Client Component Browser]
    ./src/app/main-content.tsx [Server Component]
    ./src/app/page.tsx [Server Component]

  Client Component SSR:
    ./src/components/chat/MessageList.tsx [Client Component SSR]
    ./src/components/chat/ChatInterface.tsx [Client Component SSR]
    ./src/app/main-content.tsx [Client Component SSR]
    ./src/app/main-content.tsx [Server Component]
    ./src/app/page.tsx [Server Component] @ http://localhost:3000/_next/static/chunks/node_modules_next_dist_b0daae9a._.js:2359
[  247692ms] [ERROR] ./src/components/chat/MessageList.tsx:87:34
Parsing ecmascript source code failed
  85 |                           case "step-start":
  86 |                             return partIndex > 0 ? <hr key={partIndex} className="my-3 border-neutral-200" /> : null;
> 87 |                           default:
     |                                  ^
  88 |                             return null;
  89 |                         }
  90 |                       })}

Expected '</', got ':'

Import traces:
  Client Component Browser:
    ./src/components/chat/MessageList.tsx [Client Component Browser]
    ./src/components/chat/ChatInterface.tsx [Client Component Browser]
    ./src/app/main-content.tsx [Client Component Browser]
    ./src/app/main-content.tsx [Server Component]
    ./src/app/page.tsx [Server Component]

  Client Component SSR:
    ./src/components/chat/MessageList.tsx [Client Component SSR]
    ./src/components/chat/ChatInterface.tsx [Client Component SSR]
    ./src/app/main-content.tsx [Client Component SSR]
    ./src/app/main-content.tsx [Server Component]
    ./src/app/page.tsx [Server Component] @ http://localhost:3000/_next/static/chunks/node_modules_next_dist_b0daae9a._.js:2359
[  247755ms] [ERROR] ./src/components/chat/MessageList.tsx:87:34
Parsing ecmascript source code failed
  85 |                           case "step-start":
  86 |                             return partIndex > 0 ? <hr key={partIndex} className="my-3 border-neutral-200" /> : null;
> 87 |                           default:
     |                                  ^
  88 |                             return null;
  89 |                         }
  90 |                       })}

Expected '</', got ':'

Import traces:
  Client Component Browser:
    ./src/components/chat/MessageList.tsx [Client Component Browser]
    ./src/components/chat/ChatInterface.tsx [Client Component Browser]
    ./src/app/main-content.tsx [Client Component Browser]
    ./src/app/main-content.tsx [Server Component]
    ./src/app/page.tsx [Server Component]

  Client Component SSR:
    ./src/components/chat/MessageList.tsx [Client Component SSR]
    ./src/components/chat/ChatInterface.tsx [Client Component SSR]
    ./src/app/main-content.tsx [Client Component SSR]
    ./src/app/main-content.tsx [Server Component]
    ./src/app/page.tsx [Server Component] @ http://localhost:3000/_next/static/chunks/node_modules_next_dist_b0daae9a._.js:2359
[  247818ms] [ERROR] ./src/components/chat/MessageList.tsx:87:34
Parsing ecmascript source code failed
  85 |                           case "step-start":
  86 |                             return partIndex > 0 ? <hr key={partIndex} className="my-3 border-neutral-200" /> : null;
> 87 |                           default:
     |                                  ^
  88 |                             return null;
  89 |                         }
  90 |                       })}

Expected '</', got ':'

Import traces:
  Client Component Browser:
    ./src/components/chat/MessageList.tsx [Client Component Browser]
    ./src/components/chat/ChatInterface.tsx [Client Component Browser]
    ./src/app/main-content.tsx [Client Component Browser]
    ./src/app/main-content.tsx [Server Component]
    ./src/app/page.tsx [Server Component]

  Client Component SSR:
    ./src/components/chat/MessageList.tsx [Client Component SSR]
    ./src/components/chat/ChatInterface.tsx [Client Component SSR]
    ./src/app/main-content.tsx [Client Component SSR]
    ./src/app/main-content.tsx [Server Component]
    ./src/app/page.tsx [Server Component] @ http://localhost:3000/_next/static/chunks/node_modules_next_dist_b0daae9a._.js:2359
[  247867ms] [ERROR] ./src/components/chat/MessageList.tsx:87:34
Parsing ecmascript source code failed
  85 |                           case "step-start":
  86 |                             return partIndex > 0 ? <hr key={partIndex} className="my-3 border-neutral-200" /> : null;
> 87 |                           default:
     |                                  ^
  88 |                             return null;
  89 |                         }
  90 |                       })}

Expected '</', got ':'

Import traces:
  Client Component Browser:
    ./src/components/chat/MessageList.tsx [Client Component Browser]
    ./src/components/chat/ChatInterface.tsx [Client Component Browser]
    ./src/app/main-content.tsx [Client Component Browser]
    ./src/app/main-content.tsx [Server Component]
    ./src/app/page.tsx [Server Component]

  Client Component SSR:
    ./src/components/chat/MessageList.tsx [Client Component SSR]
    ./src/components/chat/ChatInterface.tsx [Client Component SSR]
    ./src/app/main-content.tsx [Client Component SSR]
    ./src/app/main-content.tsx [Server Component]
    ./src/app/page.tsx [Server Component] @ http://localhost:3000/_next/static/chunks/node_modules_next_dist_b0daae9a._.js:2359
[  247915ms] [ERROR] ./src/components/chat/MessageList.tsx:87:34
Parsing ecmascript source code failed
  85 |                           case "step-start":
  86 |                             return partIndex > 0 ? <hr key={partIndex} className="my-3 border-neutral-200" /> : null;
> 87 |                           default:
     |                                  ^
  88 |                             return null;
  89 |                         }
  90 |                       })}

Expected '</', got ':'

Import traces:
  Client Component Browser:
    ./src/components/chat/MessageList.tsx [Client Component Browser]
    ./src/components/chat/ChatInterface.tsx [Client Component Browser]
    ./src/app/main-content.tsx [Client Component Browser]
    ./src/app/main-content.tsx [Server Component]
    ./src/app/page.tsx [Server Component]

  Client Component SSR:
    ./src/components/chat/MessageList.tsx [Client Component SSR]
    ./src/components/chat/ChatInterface.tsx [Client Component SSR]
    ./src/app/main-content.tsx [Client Component SSR]
    ./src/app/main-content.tsx [Server Component]
    ./src/app/page.tsx [Server Component] @ http://localhost:3000/_next/static/chunks/node_modules_next_dist_b0daae9a._.js:2359
[  247964ms] [ERROR] ./src/components/chat/MessageList.tsx:87:34
Parsing ecmascript source code failed
  85 |                           case "step-start":
  86 |                             return partIndex > 0 ? <hr key={partIndex} className="my-3 border-neutral-200" /> : null;
> 87 |                           default:
     |                                  ^
  88 |                             return null;
  89 |                         }
  90 |                       })}

Expected '</', got ':'

Import traces:
  Client Component Browser:
    ./src/components/chat/MessageList.tsx [Client Component Browser]
    ./src/components/chat/ChatInterface.tsx [Client Component Browser]
    ./src/app/main-content.tsx [Client Component Browser]
    ./src/app/main-content.tsx [Server Component]
    ./src/app/page.tsx [Server Component]

  Client Component SSR:
    ./src/components/chat/MessageList.tsx [Client Component SSR]
    ./src/components/chat/ChatInterface.tsx [Client Component SSR]
    ./src/app/main-content.tsx [Client Component SSR]
    ./src/app/main-content.tsx [Server Component]
    ./src/app/page.tsx [Server Component] @ http://localhost:3000/_next/static/chunks/node_modules_next_dist_b0daae9a._.js:2359
[  248026ms] [ERROR] ./src/components/chat/MessageList.tsx:87:34
Parsing ecmascript source code failed
  85 |                           case "step-start":
  86 |                             return partIndex > 0 ? <hr key={partIndex} className="my-3 border-neutral-200" /> : null;
> 87 |                           default:
     |                                  ^
  88 |                             return null;
  89 |                         }
  90 |                       })}

Expected '</', got ':'

Import traces:
  Client Component Browser:
    ./src/components/chat/MessageList.tsx [Client Component Browser]
    ./src/components/chat/ChatInterface.tsx [Client Component Browser]
    ./src/app/main-content.tsx [Client Component Browser]
    ./src/app/main-content.tsx [Server Component]
    ./src/app/page.tsx [Server Component]

  Client Component SSR:
    ./src/components/chat/MessageList.tsx [Client Component SSR]
    ./src/components/chat/ChatInterface.tsx [Client Component SSR]
    ./src/app/main-content.tsx [Client Component SSR]
    ./src/app/main-content.tsx [Server Component]
    ./src/app/page.tsx [Server Component] @ http://localhost:3000/_next/static/chunks/node_modules_next_dist_b0daae9a._.js:2359
[  248089ms] [ERROR] ./src/components/chat/MessageList.tsx:87:34
Parsing ecmascript source code failed
  85 |                           case "step-start":
  86 |                             return partIndex > 0 ? <hr key={partIndex} className="my-3 border-neutral-200" /> : null;
> 87 |                           default:
     |                                  ^
  88 |                             return null;
  89 |                         }
  90 |                       })}

Expected '</', got ':'

Import traces:
  Client Component Browser:
    ./src/components/chat/MessageList.tsx [Client Component Browser]
    ./src/components/chat/ChatInterface.tsx [Client Component Browser]
    ./src/app/main-content.tsx [Client Component Browser]
    ./src/app/main-content.tsx [Server Component]
    ./src/app/page.tsx [Server Component]

  Client Component SSR:
    ./src/components/chat/MessageList.tsx [Client Component SSR]
    ./src/components/chat/ChatInterface.tsx [Client Component SSR]
    ./src/app/main-content.tsx [Client Component SSR]
    ./src/app/main-content.tsx [Server Component]
    ./src/app/page.tsx [Server Component] @ http://localhost:3000/_next/static/chunks/node_modules_next_dist_b0daae9a._.js:2359
[  248137ms] [ERROR] ./src/components/chat/MessageList.tsx:87:34
Parsing ecmascript source code failed
  85 |                           case "step-start":
  86 |                             return partIndex > 0 ? <hr key={partIndex} className="my-3 border-neutral-200" /> : null;
> 87 |                           default:
     |                                  ^
  88 |                             return null;
  89 |                         }
  90 |                       })}

Expected '</', got ':'

Import traces:
  Client Component Browser:
    ./src/components/chat/MessageList.tsx [Client Component Browser]
    ./src/components/chat/ChatInterface.tsx [Client Component Browser]
    ./src/app/main-content.tsx [Client Component Browser]
    ./src/app/main-content.tsx [Server Component]
    ./src/app/page.tsx [Server Component]

  Client Component SSR:
    ./src/components/chat/MessageList.tsx [Client Component SSR]
    ./src/components/chat/ChatInterface.tsx [Client Component SSR]
    ./src/app/main-content.tsx [Client Component SSR]
    ./src/app/main-content.tsx [Server Component]
    ./src/app/page.tsx [Server Component] @ http://localhost:3000/_next/static/chunks/node_modules_next_dist_b0daae9a._.js:2359
[  248204ms] [ERROR] ./src/components/chat/MessageList.tsx:87:34
Parsing ecmascript source code failed
  85 |                           case "step-start":
  86 |                             return partIndex > 0 ? <hr key={partIndex} className="my-3 border-neutral-200" /> : null;
> 87 |                           default:
     |                                  ^
  88 |                             return null;
  89 |                         }
  90 |                       })}

Expected '</', got ':'

Import traces:
  Client Component Browser:
    ./src/components/chat/MessageList.tsx [Client Component Browser]
    ./src/components/chat/ChatInterface.tsx [Client Component Browser]
    ./src/app/main-content.tsx [Client Component Browser]
    ./src/app/main-content.tsx [Server Component]
    ./src/app/page.tsx [Server Component]

  Client Component SSR:
    ./src/components/chat/MessageList.tsx [Client Component SSR]
    ./src/components/chat/ChatInterface.tsx [Client Component SSR]
    ./src/app/main-content.tsx [Client Component SSR]
    ./src/app/main-content.tsx [Server Component]
    ./src/app/page.tsx [Server Component] @ http://localhost:3000/_next/static/chunks/node_modules_next_dist_b0daae9a._.js:2359
[  248267ms] [ERROR] ./src/components/chat/MessageList.tsx:87:34
Parsing ecmascript source code failed
  85 |                           case "step-start":
  86 |                             return partIndex > 0 ? <hr key={partIndex} className="my-3 border-neutral-200" /> : null;
> 87 |                           default:
     |                                  ^
  88 |                             return null;
  89 |                         }
  90 |                       })}

Expected '</', got ':'

Import traces:
  Client Component Browser:
    ./src/components/chat/MessageList.tsx [Client Component Browser]
    ./src/components/chat/ChatInterface.tsx [Client Component Browser]
    ./src/app/main-content.tsx [Client Component Browser]
    ./src/app/main-content.tsx [Server Component]
    ./src/app/page.tsx [Server Component]

  Client Component SSR:
    ./src/components/chat/MessageList.tsx [Client Component SSR]
    ./src/components/chat/ChatInterface.tsx [Client Component SSR]
    ./src/app/main-content.tsx [Client Component SSR]
    ./src/app/main-content.tsx [Server Component]
    ./src/app/page.tsx [Server Component] @ http://localhost:3000/_next/static/chunks/node_modules_next_dist_b0daae9a._.js:2359
[  248332ms] [ERROR] ./src/components/chat/MessageList.tsx:87:34
Parsing ecmascript source code failed
  85 |                           case "step-start":
  86 |                             return partIndex > 0 ? <hr key={partIndex} className="my-3 border-neutral-200" /> : null;
> 87 |                           default:
     |                                  ^
  88 |                             return null;
  89 |                         }
  90 |                       })}

Expected '</', got ':'

Import traces:
  Client Component Browser:
    ./src/components/chat/MessageList.tsx [Client Component Browser]
    ./src/components/chat/ChatInterface.tsx [Client Component Browser]
    ./src/app/main-content.tsx [Client Component Browser]
    ./src/app/main-content.tsx [Server Component]
    ./src/app/page.tsx [Server Component]

  Client Component SSR:
    ./src/components/chat/MessageList.tsx [Client Component SSR]
    ./src/components/chat/ChatInterface.tsx [Client Component SSR]
    ./src/app/main-content.tsx [Client Component SSR]
    ./src/app/main-content.tsx [Server Component]
    ./src/app/page.tsx [Server Component] @ http://localhost:3000/_next/static/chunks/node_modules_next_dist_b0daae9a._.js:2359
[  248393ms] [ERROR] ./src/components/chat/MessageList.tsx:87:34
Parsing ecmascript source code failed
  85 |                           case "step-start":
  86 |                             return partIndex > 0 ? <hr key={partIndex} className="my-3 border-neutral-200" /> : null;
> 87 |                           default:
     |                                  ^
  88 |                             return null;
  89 |                         }
  90 |                       })}

Expected '</', got ':'

Import traces:
  Client Component Browser:
    ./src/components/chat/MessageList.tsx [Client Component Browser]
    ./src/components/chat/ChatInterface.tsx [Client Component Browser]
    ./src/app/main-content.tsx [Client Component Browser]
    ./src/app/main-content.tsx [Server Component]
    ./src/app/page.tsx [Server Component]

  Client Component SSR:
    ./src/components/chat/MessageList.tsx [Client Component SSR]
    ./src/components/chat/ChatInterface.tsx [Client Component SSR]
    ./src/app/main-content.tsx [Client Component SSR]
    ./src/app/main-content.tsx [Server Component]
    ./src/app/page.tsx [Server Component] @ http://localhost:3000/_next/static/chunks/node_modules_next_dist_b0daae9a._.js:2359
[  248458ms] [ERROR] ./src/components/chat/MessageList.tsx:87:34
Parsing ecmascript source code failed
  85 |                           case "step-start":
  86 |                             return partIndex > 0 ? <hr key={partIndex} className="my-3 border-neutral-200" /> : null;
> 87 |                           default:
     |                                  ^
  88 |                             return null;
  89 |                         }
  90 |                       })}

Expected '</', got ':'

Import traces:
  Client Component Browser:
    ./src/components/chat/MessageList.tsx [Client Component Browser]
    ./src/components/chat/ChatInterface.tsx [Client Component Browser]
    ./src/app/main-content.tsx [Client Component Browser]
    ./src/app/main-content.tsx [Server Component]
    ./src/app/page.tsx [Server Component]

  Client Component SSR:
    ./src/components/chat/MessageList.tsx [Client Component SSR]
    ./src/components/chat/ChatInterface.tsx [Client Component SSR]
    ./src/app/main-content.tsx [Client Component SSR]
    ./src/app/main-content.tsx [Server Component]
    ./src/app/page.tsx [Server Component] @ http://localhost:3000/_next/static/chunks/node_modules_next_dist_b0daae9a._.js:2359
[  248521ms] [ERROR] ./src/components/chat/MessageList.tsx:87:34
Parsing ecmascript source code failed
  85 |                           case "step-start":
  86 |                             return partIndex > 0 ? <hr key={partIndex} className="my-3 border-neutral-200" /> : null;
> 87 |                           default:
     |                                  ^
  88 |                             return null;
  89 |                         }
  90 |                       })}

Expected '</', got ':'

Import traces:
  Client Component Browser:
    ./src/components/chat/MessageList.tsx [Client Component Browser]
    ./src/components/chat/ChatInterface.tsx [Client Component Browser]
    ./src/app/main-content.tsx [Client Component Browser]
    ./src/app/main-content.tsx [Server Component]
    ./src/app/page.tsx [Server Component]

  Client Component SSR:
    ./src/components/chat/MessageList.tsx [Client Component SSR]
    ./src/components/chat/ChatInterface.tsx [Client Component SSR]
    ./src/app/main-content.tsx [Client Component SSR]
    ./src/app/main-content.tsx [Server Component]
    ./src/app/page.tsx [Server Component] @ http://localhost:3000/_next/static/chunks/node_modules_next_dist_b0daae9a._.js:2359
[  248583ms] [ERROR] ./src/components/chat/MessageList.tsx:87:34
Parsing ecmascript source code failed
  85 |                           case "step-start":
  86 |                             return partIndex > 0 ? <hr key={partIndex} className="my-3 border-neutral-200" /> : null;
> 87 |                           default:
     |                                  ^
  88 |                             return null;
  89 |                         }
  90 |                       })}

Expected '</', got ':'

Import traces:
  Client Component Browser:
    ./src/components/chat/MessageList.tsx [Client Component Browser]
    ./src/components/chat/ChatInterface.tsx [Client Component Browser]
    ./src/app/main-content.tsx [Client Component Browser]
    ./src/app/main-content.tsx [Server Component]
    ./src/app/page.tsx [Server Component]

  Client Component SSR:
    ./src/components/chat/MessageList.tsx [Client Component SSR]
    ./src/components/chat/ChatInterface.tsx [Client Component SSR]
    ./src/app/main-content.tsx [Client Component SSR]
    ./src/app/main-content.tsx [Server Component]
    ./src/app/page.tsx [Server Component] @ http://localhost:3000/_next/static/chunks/node_modules_next_dist_b0daae9a._.js:2359
[  248647ms] [ERROR] ./src/components/chat/MessageList.tsx:87:34
Parsing ecmascript source code failed
  85 |                           case "step-start":
  86 |                             return partIndex > 0 ? <hr key={partIndex} className="my-3 border-neutral-200" /> : null;
> 87 |                           default:
     |                                  ^
  88 |                             return null;
  89 |                         }
  90 |                       })}

Expected '</', got ':'

Import traces:
  Client Component Browser:
    ./src/components/chat/MessageList.tsx [Client Component Browser]
    ./src/components/chat/ChatInterface.tsx [Client Component Browser]
    ./src/app/main-content.tsx [Client Component Browser]
    ./src/app/main-content.tsx [Server Component]
    ./src/app/page.tsx [Server Component]

  Client Component SSR:
    ./src/components/chat/MessageList.tsx [Client Component SSR]
    ./src/components/chat/ChatInterface.tsx [Client Component SSR]
    ./src/app/main-content.tsx [Client Component SSR]
    ./src/app/main-content.tsx [Server Component]
    ./src/app/page.tsx [Server Component] @ http://localhost:3000/_next/static/chunks/node_modules_next_dist_b0daae9a._.js:2359
[  248710ms] [ERROR] ./src/components/chat/MessageList.tsx:87:34
Parsing ecmascript source code failed
  85 |                           case "step-start":
  86 |                             return partIndex > 0 ? <hr key={partIndex} className="my-3 border-neutral-200" /> : null;
> 87 |                           default:
     |                                  ^
  88 |                             return null;
  89 |                         }
  90 |                       })}

Expected '</', got ':'

Import traces:
  Client Component Browser:
    ./src/components/chat/MessageList.tsx [Client Component Browser]
    ./src/components/chat/ChatInterface.tsx [Client Component Browser]
    ./src/app/main-content.tsx [Client Component Browser]
    ./src/app/main-content.tsx [Server Component]
    ./src/app/page.tsx [Server Component]

  Client Component SSR:
    ./src/components/chat/MessageList.tsx [Client Component SSR]
    ./src/components/chat/ChatInterface.tsx [Client Component SSR]
    ./src/app/main-content.tsx [Client Component SSR]
    ./src/app/main-content.tsx [Server Component]
    ./src/app/page.tsx [Server Component] @ http://localhost:3000/_next/static/chunks/node_modules_next_dist_b0daae9a._.js:2359
[  248775ms] [ERROR] ./src/components/chat/MessageList.tsx:87:34
Parsing ecmascript source code failed
  85 |                           case "step-start":
  86 |                             return partIndex > 0 ? <hr key={partIndex} className="my-3 border-neutral-200" /> : null;
> 87 |                           default:
     |                                  ^
  88 |                             return null;
  89 |                         }
  90 |                       })}

Expected '</', got ':'

Import traces:
  Client Component Browser:
    ./src/components/chat/MessageList.tsx [Client Component Browser]
    ./src/components/chat/ChatInterface.tsx [Client Component Browser]
    ./src/app/main-content.tsx [Client Component Browser]
    ./src/app/main-content.tsx [Server Component]
    ./src/app/page.tsx [Server Component]

  Client Component SSR:
    ./src/components/chat/MessageList.tsx [Client Component SSR]
    ./src/components/chat/ChatInterface.tsx [Client Component SSR]
    ./src/app/main-content.tsx [Client Component SSR]
    ./src/app/main-content.tsx [Server Component]
    ./src/app/page.tsx [Server Component] @ http://localhost:3000/_next/static/chunks/node_modules_next_dist_b0daae9a._.js:2359
[  248839ms] [ERROR] ./src/components/chat/MessageList.tsx:87:34
Parsing ecmascript source code failed
  85 |                           case "step-start":
  86 |                             return partIndex > 0 ? <hr key={partIndex} className="my-3 border-neutral-200" /> : null;
> 87 |                           default:
     |                                  ^
  88 |                             return null;
  89 |                         }
  90 |                       })}

Expected '</', got ':'

Import traces:
  Client Component Browser:
    ./src/components/chat/MessageList.tsx [Client Component Browser]
    ./src/components/chat/ChatInterface.tsx [Client Component Browser]
    ./src/app/main-content.tsx [Client Component Browser]
    ./src/app/main-content.tsx [Server Component]
    ./src/app/page.tsx [Server Component]

  Client Component SSR:
    ./src/components/chat/MessageList.tsx [Client Component SSR]
    ./src/components/chat/ChatInterface.tsx [Client Component SSR]
    ./src/app/main-content.tsx [Client Component SSR]
    ./src/app/main-content.tsx [Server Component]
    ./src/app/page.tsx [Server Component] @ http://localhost:3000/_next/static/chunks/node_modules_next_dist_b0daae9a._.js:2359
[  248901ms] [ERROR] ./src/components/chat/MessageList.tsx:87:34
Parsing ecmascript source code failed
  85 |                           case "step-start":
  86 |                             return partIndex > 0 ? <hr key={partIndex} className="my-3 border-neutral-200" /> : null;
> 87 |                           default:
     |                                  ^
  88 |                             return null;
  89 |                         }
  90 |                       })}

Expected '</', got ':'

Import traces:
  Client Component Browser:
    ./src/components/chat/MessageList.tsx [Client Component Browser]
    ./src/components/chat/ChatInterface.tsx [Client Component Browser]
    ./src/app/main-content.tsx [Client Component Browser]
    ./src/app/main-content.tsx [Server Component]
    ./src/app/page.tsx [Server Component]

  Client Component SSR:
    ./src/components/chat/MessageList.tsx [Client Component SSR]
    ./src/components/chat/ChatInterface.tsx [Client Component SSR]
    ./src/app/main-content.tsx [Client Component SSR]
    ./src/app/main-content.tsx [Server Component]
    ./src/app/page.tsx [Server Component] @ http://localhost:3000/_next/static/chunks/node_modules_next_dist_b0daae9a._.js:2359
[  248974ms] [ERROR] ./src/components/chat/MessageList.tsx:87:34
Parsing ecmascript source code failed
  85 |                           case "step-start":
  86 |                             return partIndex > 0 ? <hr key={partIndex} className="my-3 border-neutral-200" /> : null;
> 87 |                           default:
     |                                  ^
  88 |                             return null;
  89 |                         }
  90 |                       })}

Expected '</', got ':'

Import traces:
  Client Component Browser:
    ./src/components/chat/MessageList.tsx [Client Component Browser]
    ./src/components/chat/ChatInterface.tsx [Client Component Browser]
    ./src/app/main-content.tsx [Client Component Browser]
    ./src/app/main-content.tsx [Server Component]
    ./src/app/page.tsx [Server Component]

  Client Component SSR:
    ./src/components/chat/MessageList.tsx [Client Component SSR]
    ./src/components/chat/ChatInterface.tsx [Client Component SSR]
    ./src/app/main-content.tsx [Client Component SSR]
    ./src/app/main-content.tsx [Server Component]
    ./src/app/page.tsx [Server Component] @ http://localhost:3000/_next/static/chunks/node_modules_next_dist_b0daae9a._.js:2359
[  249039ms] [ERROR] ./src/components/chat/MessageList.tsx:87:34
Parsing ecmascript source code failed
  85 |                           case "step-start":
  86 |                             return partIndex > 0 ? <hr key={partIndex} className="my-3 border-neutral-200" /> : null;
> 87 |                           default:
     |                                  ^
  88 |                             return null;
  89 |                         }
  90 |                       })}

Expected '</', got ':'

Import traces:
  Client Component Browser:
    ./src/components/chat/MessageList.tsx [Client Component Browser]
    ./src/components/chat/ChatInterface.tsx [Client Component Browser]
    ./src/app/main-content.tsx [Client Component Browser]
    ./src/app/main-content.tsx [Server Component]
    ./src/app/page.tsx [Server Component]

  Client Component SSR:
    ./src/components/chat/MessageList.tsx [Client Component SSR]
    ./src/components/chat/ChatInterface.tsx [Client Component SSR]
    ./src/app/main-content.tsx [Client Component SSR]
    ./src/app/main-content.tsx [Server Component]
    ./src/app/page.tsx [Server Component] @ http://localhost:3000/_next/static/chunks/node_modules_next_dist_b0daae9a._.js:2359
[  249103ms] [ERROR] ./src/components/chat/MessageList.tsx:87:34
Parsing ecmascript source code failed
  85 |                           case "step-start":
  86 |                             return partIndex > 0 ? <hr key={partIndex} className="my-3 border-neutral-200" /> : null;
> 87 |                           default:
     |                                  ^
  88 |                             return null;
  89 |                         }
  90 |                       })}

Expected '</', got ':'

Import traces:
  Client Component Browser:
    ./src/components/chat/MessageList.tsx [Client Component Browser]
    ./src/components/chat/ChatInterface.tsx [Client Component Browser]
    ./src/app/main-content.tsx [Client Component Browser]
    ./src/app/main-content.tsx [Server Component]
    ./src/app/page.tsx [Server Component]

  Client Component SSR:
    ./src/components/chat/MessageList.tsx [Client Component SSR]
    ./src/components/chat/ChatInterface.tsx [Client Component SSR]
    ./src/app/main-content.tsx [Client Component SSR]
    ./src/app/main-content.tsx [Server Component]
    ./src/app/page.tsx [Server Component] @ http://localhost:3000/_next/static/chunks/node_modules_next_dist_b0daae9a._.js:2359
[  249167ms] [ERROR] ./src/components/chat/MessageList.tsx:87:34
Parsing ecmascript source code failed
  85 |                           case "step-start":
  86 |                             return partIndex > 0 ? <hr key={partIndex} className="my-3 border-neutral-200" /> : null;
> 87 |                           default:
     |                                  ^
  88 |                             return null;
  89 |                         }
  90 |                       })}

Expected '</', got ':'

Import traces:
  Client Component Browser:
    ./src/components/chat/MessageList.tsx [Client Component Browser]
    ./src/components/chat/ChatInterface.tsx [Client Component Browser]
    ./src/app/main-content.tsx [Client Component Browser]
    ./src/app/main-content.tsx [Server Component]
    ./src/app/page.tsx [Server Component]

  Client Component SSR:
    ./src/components/chat/MessageList.tsx [Client Component SSR]
    ./src/components/chat/ChatInterface.tsx [Client Component SSR]
    ./src/app/main-content.tsx [Client Component SSR]
    ./src/app/main-content.tsx [Server Component]
    ./src/app/page.tsx [Server Component] @ http://localhost:3000/_next/static/chunks/node_modules_next_dist_b0daae9a._.js:2359
[  249230ms] [ERROR] ./src/components/chat/MessageList.tsx:87:34
Parsing ecmascript source code failed
  85 |                           case "step-start":
  86 |                             return partIndex > 0 ? <hr key={partIndex} className="my-3 border-neutral-200" /> : null;
> 87 |                           default:
     |                                  ^
  88 |                             return null;
  89 |                         }
  90 |                       })}

Expected '</', got ':'

Import traces:
  Client Component Browser:
    ./src/components/chat/MessageList.tsx [Client Component Browser]
    ./src/components/chat/ChatInterface.tsx [Client Component Browser]
    ./src/app/main-content.tsx [Client Component Browser]
    ./src/app/main-content.tsx [Server Component]
    ./src/app/page.tsx [Server Component]

  Client Component SSR:
    ./src/components/chat/MessageList.tsx [Client Component SSR]
    ./src/components/chat/ChatInterface.tsx [Client Component SSR]
    ./src/app/main-content.tsx [Client Component SSR]
    ./src/app/main-content.tsx [Server Component]
    ./src/app/page.tsx [Server Component] @ http://localhost:3000/_next/static/chunks/node_modules_next_dist_b0daae9a._.js:2359
[  249295ms] [ERROR] ./src/components/chat/MessageList.tsx:87:34
Parsing ecmascript source code failed
  85 |                           case "step-start":
  86 |                             return partIndex > 0 ? <hr key={partIndex} className="my-3 border-neutral-200" /> : null;
> 87 |                           default:
     |                                  ^
  88 |                             return null;
  89 |                         }
  90 |                       })}

Expected '</', got ':'

Import traces:
  Client Component Browser:
    ./src/components/chat/MessageList.tsx [Client Component Browser]
    ./src/components/chat/ChatInterface.tsx [Client Component Browser]
    ./src/app/main-content.tsx [Client Component Browser]
    ./src/app/main-content.tsx [Server Component]
    ./src/app/page.tsx [Server Component]

  Client Component SSR:
    ./src/components/chat/MessageList.tsx [Client Component SSR]
    ./src/components/chat/ChatInterface.tsx [Client Component SSR]
    ./src/app/main-content.tsx [Client Component SSR]
    ./src/app/main-content.tsx [Server Component]
    ./src/app/page.tsx [Server Component] @ http://localhost:3000/_next/static/chunks/node_modules_next_dist_b0daae9a._.js:2359
[  249359ms] [ERROR] ./src/components/chat/MessageList.tsx:87:34
Parsing ecmascript source code failed
  85 |                           case "step-start":
  86 |                             return partIndex > 0 ? <hr key={partIndex} className="my-3 border-neutral-200" /> : null;
> 87 |                           default:
     |                                  ^
  88 |                             return null;
  89 |                         }
  90 |                       })}

Expected '</', got ':'

Import traces:
  Client Component Browser:
    ./src/components/chat/MessageList.tsx [Client Component Browser]
    ./src/components/chat/ChatInterface.tsx [Client Component Browser]
    ./src/app/main-content.tsx [Client Component Browser]
    ./src/app/main-content.tsx [Server Component]
    ./src/app/page.tsx [Server Component]

  Client Component SSR:
    ./src/components/chat/MessageList.tsx [Client Component SSR]
    ./src/components/chat/ChatInterface.tsx [Client Component SSR]
    ./src/app/main-content.tsx [Client Component SSR]
    ./src/app/main-content.tsx [Server Component]
    ./src/app/page.tsx [Server Component] @ http://localhost:3000/_next/static/chunks/node_modules_next_dist_b0daae9a._.js:2359
[  249423ms] [ERROR] ./src/components/chat/MessageList.tsx:87:34
Parsing ecmascript source code failed
  85 |                           case "step-start":
  86 |                             return partIndex > 0 ? <hr key={partIndex} className="my-3 border-neutral-200" /> : null;
> 87 |                           default:
     |                                  ^
  88 |                             return null;
  89 |                         }
  90 |                       })}

Expected '</', got ':'

Import traces:
  Client Component Browser:
    ./src/components/chat/MessageList.tsx [Client Component Browser]
    ./src/components/chat/ChatInterface.tsx [Client Component Browser]
    ./src/app/main-content.tsx [Client Component Browser]
    ./src/app/main-content.tsx [Server Component]
    ./src/app/page.tsx [Server Component]

  Client Component SSR:
    ./src/components/chat/MessageList.tsx [Client Component SSR]
    ./src/components/chat/ChatInterface.tsx [Client Component SSR]
    ./src/app/main-content.tsx [Client Component SSR]
    ./src/app/main-content.tsx [Server Component]
    ./src/app/page.tsx [Server Component] @ http://localhost:3000/_next/static/chunks/node_modules_next_dist_b0daae9a._.js:2359
[  249487ms] [ERROR] ./src/components/chat/MessageList.tsx:87:34
Parsing ecmascript source code failed
  85 |                           case "step-start":
  86 |                             return partIndex > 0 ? <hr key={partIndex} className="my-3 border-neutral-200" /> : null;
> 87 |                           default:
     |                                  ^
  88 |                             return null;
  89 |                         }
  90 |                       })}

Expected '</', got ':'

Import traces:
  Client Component Browser:
    ./src/components/chat/MessageList.tsx [Client Component Browser]
    ./src/components/chat/ChatInterface.tsx [Client Component Browser]
    ./src/app/main-content.tsx [Client Component Browser]
    ./src/app/main-content.tsx [Server Component]
    ./src/app/page.tsx [Server Component]

  Client Component SSR:
    ./src/components/chat/MessageList.tsx [Client Component SSR]
    ./src/components/chat/ChatInterface.tsx [Client Component SSR]
    ./src/app/main-content.tsx [Client Component SSR]
    ./src/app/main-content.tsx [Server Component]
    ./src/app/page.tsx [Server Component] @ http://localhost:3000/_next/static/chunks/node_modules_next_dist_b0daae9a._.js:2359
[  249551ms] [ERROR] ./src/components/chat/MessageList.tsx:87:34
Parsing ecmascript source code failed
  85 |                           case "step-start":
  86 |                             return partIndex > 0 ? <hr key={partIndex} className="my-3 border-neutral-200" /> : null;
> 87 |                           default:
     |                                  ^
  88 |                             return null;
  89 |                         }
  90 |                       })}

Expected '</', got ':'

Import traces:
  Client Component Browser:
    ./src/components/chat/MessageList.tsx [Client Component Browser]
    ./src/components/chat/ChatInterface.tsx [Client Component Browser]
    ./src/app/main-content.tsx [Client Component Browser]
    ./src/app/main-content.tsx [Server Component]
    ./src/app/page.tsx [Server Component]

  Client Component SSR:
    ./src/components/chat/MessageList.tsx [Client Component SSR]
    ./src/components/chat/ChatInterface.tsx [Client Component SSR]
    ./src/app/main-content.tsx [Client Component SSR]
    ./src/app/main-content.tsx [Server Component]
    ./src/app/page.tsx [Server Component] @ http://localhost:3000/_next/static/chunks/node_modules_next_dist_b0daae9a._.js:2359
[  249612ms] [ERROR] ./src/components/chat/MessageList.tsx:87:34
Parsing ecmascript source code failed
  85 |                           case "step-start":
  86 |                             return partIndex > 0 ? <hr key={partIndex} className="my-3 border-neutral-200" /> : null;
> 87 |                           default:
     |                                  ^
  88 |                             return null;
  89 |                         }
  90 |                       })}

Expected '</', got ':'

Import traces:
  Client Component Browser:
    ./src/components/chat/MessageList.tsx [Client Component Browser]
    ./src/components/chat/ChatInterface.tsx [Client Component Browser]
    ./src/app/main-content.tsx [Client Component Browser]
    ./src/app/main-content.tsx [Server Component]
    ./src/app/page.tsx [Server Component]

  Client Component SSR:
    ./src/components/chat/MessageList.tsx [Client Component SSR]
    ./src/components/chat/ChatInterface.tsx [Client Component SSR]
    ./src/app/main-content.tsx [Client Component SSR]
    ./src/app/main-content.tsx [Server Component]
    ./src/app/page.tsx [Server Component] @ http://localhost:3000/_next/static/chunks/node_modules_next_dist_b0daae9a._.js:2359
[  249679ms] [ERROR] ./src/components/chat/MessageList.tsx:87:34
Parsing ecmascript source code failed
  85 |                           case "step-start":
  86 |                             return partIndex > 0 ? <hr key={partIndex} className="my-3 border-neutral-200" /> : null;
> 87 |                           default:
     |                                  ^
  88 |                             return null;
  89 |                         }
  90 |                       })}

Expected '</', got ':'

Import traces:
  Client Component Browser:
    ./src/components/chat/MessageList.tsx [Client Component Browser]
    ./src/components/chat/ChatInterface.tsx [Client Component Browser]
    ./src/app/main-content.tsx [Client Component Browser]
    ./src/app/main-content.tsx [Server Component]
    ./src/app/page.tsx [Server Component]

  Client Component SSR:
    ./src/components/chat/MessageList.tsx [Client Component SSR]
    ./src/components/chat/ChatInterface.tsx [Client Component SSR]
    ./src/app/main-content.tsx [Client Component SSR]
    ./src/app/main-content.tsx [Server Component]
    ./src/app/page.tsx [Server Component] @ http://localhost:3000/_next/static/chunks/node_modules_next_dist_b0daae9a._.js:2359
[  249742ms] [ERROR] ./src/components/chat/MessageList.tsx:87:34
Parsing ecmascript source code failed
  85 |                           case "step-start":
  86 |                             return partIndex > 0 ? <hr key={partIndex} className="my-3 border-neutral-200" /> : null;
> 87 |                           default:
     |                                  ^
  88 |                             return null;
  89 |                         }
  90 |                       })}

Expected '</', got ':'

Import traces:
  Client Component Browser:
    ./src/components/chat/MessageList.tsx [Client Component Browser]
    ./src/components/chat/ChatInterface.tsx [Client Component Browser]
    ./src/app/main-content.tsx [Client Component Browser]
    ./src/app/main-content.tsx [Server Component]
    ./src/app/page.tsx [Server Component]

  Client Component SSR:
    ./src/components/chat/MessageList.tsx [Client Component SSR]
    ./src/components/chat/ChatInterface.tsx [Client Component SSR]
    ./src/app/main-content.tsx [Client Component SSR]
    ./src/app/main-content.tsx [Server Component]
    ./src/app/page.tsx [Server Component] @ http://localhost:3000/_next/static/chunks/node_modules_next_dist_b0daae9a._.js:2359
[  249806ms] [ERROR] ./src/components/chat/MessageList.tsx:87:34
Parsing ecmascript source code failed
  85 |                           case "step-start":
  86 |                             return partIndex > 0 ? <hr key={partIndex} className="my-3 border-neutral-200" /> : null;
> 87 |                           default:
     |                                  ^
  88 |                             return null;
  89 |                         }
  90 |                       })}

Expected '</', got ':'

Import traces:
  Client Component Browser:
    ./src/components/chat/MessageList.tsx [Client Component Browser]
    ./src/components/chat/ChatInterface.tsx [Client Component Browser]
    ./src/app/main-content.tsx [Client Component Browser]
    ./src/app/main-content.tsx [Server Component]
    ./src/app/page.tsx [Server Component]

  Client Component SSR:
    ./src/components/chat/MessageList.tsx [Client Component SSR]
    ./src/components/chat/ChatInterface.tsx [Client Component SSR]
    ./src/app/main-content.tsx [Client Component SSR]
    ./src/app/main-content.tsx [Server Component]
    ./src/app/page.tsx [Server Component] @ http://localhost:3000/_next/static/chunks/node_modules_next_dist_b0daae9a._.js:2359
[  249868ms] [ERROR] ./src/components/chat/MessageList.tsx:87:34
Parsing ecmascript source code failed
  85 |                           case "step-start":
  86 |                             return partIndex > 0 ? <hr key={partIndex} className="my-3 border-neutral-200" /> : null;
> 87 |                           default:
     |                                  ^
  88 |                             return null;
  89 |                         }
  90 |                       })}

Expected '</', got ':'

Import traces:
  Client Component Browser:
    ./src/components/chat/MessageList.tsx [Client Component Browser]
    ./src/components/chat/ChatInterface.tsx [Client Component Browser]
    ./src/app/main-content.tsx [Client Component Browser]
    ./src/app/main-content.tsx [Server Component]
    ./src/app/page.tsx [Server Component]

  Client Component SSR:
    ./src/components/chat/MessageList.tsx [Client Component SSR]
    ./src/components/chat/ChatInterface.tsx [Client Component SSR]
    ./src/app/main-content.tsx [Client Component SSR]
    ./src/app/main-content.tsx [Server Component]
    ./src/app/page.tsx [Server Component] @ http://localhost:3000/_next/static/chunks/node_modules_next_dist_b0daae9a._.js:2359
[  249932ms] [ERROR] ./src/components/chat/MessageList.tsx:87:34
Parsing ecmascript source code failed
  85 |                           case "step-start":
  86 |                             return partIndex > 0 ? <hr key={partIndex} className="my-3 border-neutral-200" /> : null;
> 87 |                           default:
     |                                  ^
  88 |                             return null;
  89 |                         }
  90 |                       })}

Expected '</', got ':'

Import traces:
  Client Component Browser:
    ./src/components/chat/MessageList.tsx [Client Component Browser]
    ./src/components/chat/ChatInterface.tsx [Client Component Browser]
    ./src/app/main-content.tsx [Client Component Browser]
    ./src/app/main-content.tsx [Server Component]
    ./src/app/page.tsx [Server Component]

  Client Component SSR:
    ./src/components/chat/MessageList.tsx [Client Component SSR]
    ./src/components/chat/ChatInterface.tsx [Client Component SSR]
    ./src/app/main-content.tsx [Client Component SSR]
    ./src/app/main-content.tsx [Server Component]
    ./src/app/page.tsx [Server Component] @ http://localhost:3000/_next/static/chunks/node_modules_next_dist_b0daae9a._.js:2359
[  249996ms] [ERROR] ./src/components/chat/MessageList.tsx:87:34
Parsing ecmascript source code failed
  85 |                           case "step-start":
  86 |                             return partIndex > 0 ? <hr key={partIndex} className="my-3 border-neutral-200" /> : null;
> 87 |                           default:
     |                                  ^
  88 |                             return null;
  89 |                         }
  90 |                       })}

Expected '</', got ':'

Import traces:
  Client Component Browser:
    ./src/components/chat/MessageList.tsx [Client Component Browser]
    ./src/components/chat/ChatInterface.tsx [Client Component Browser]
    ./src/app/main-content.tsx [Client Component Browser]
    ./src/app/main-content.tsx [Server Component]
    ./src/app/page.tsx [Server Component]

  Client Component SSR:
    ./src/components/chat/MessageList.tsx [Client Component SSR]
    ./src/components/chat/ChatInterface.tsx [Client Component SSR]
    ./src/app/main-content.tsx [Client Component SSR]
    ./src/app/main-content.tsx [Server Component]
    ./src/app/page.tsx [Server Component] @ http://localhost:3000/_next/static/chunks/node_modules_next_dist_b0daae9a._.js:2359
[  250059ms] [ERROR] ./src/components/chat/MessageList.tsx:87:34
Parsing ecmascript source code failed
  85 |                           case "step-start":
  86 |                             return partIndex > 0 ? <hr key={partIndex} className="my-3 border-neutral-200" /> : null;
> 87 |                           default:
     |                                  ^
  88 |                             return null;
  89 |                         }
  90 |                       })}

Expected '</', got ':'

Import traces:
  Client Component Browser:
    ./src/components/chat/MessageList.tsx [Client Component Browser]
    ./src/components/chat/ChatInterface.tsx [Client Component Browser]
    ./src/app/main-content.tsx [Client Component Browser]
    ./src/app/main-content.tsx [Server Component]
    ./src/app/page.tsx [Server Component]

  Client Component SSR:
    ./src/components/chat/MessageList.tsx [Client Component SSR]
    ./src/components/chat/ChatInterface.tsx [Client Component SSR]
    ./src/app/main-content.tsx [Client Component SSR]
    ./src/app/main-content.tsx [Server Component]
    ./src/app/page.tsx [Server Component] @ http://localhost:3000/_next/static/chunks/node_modules_next_dist_b0daae9a._.js:2359
[  250123ms] [ERROR] ./src/components/chat/MessageList.tsx:87:34
Parsing ecmascript source code failed
  85 |                           case "step-start":
  86 |                             return partIndex > 0 ? <hr key={partIndex} className="my-3 border-neutral-200" /> : null;
> 87 |                           default:
     |                                  ^
  88 |                             return null;
  89 |                         }
  90 |                       })}

Expected '</', got ':'

Import traces:
  Client Component Browser:
    ./src/components/chat/MessageList.tsx [Client Component Browser]
    ./src/components/chat/ChatInterface.tsx [Client Component Browser]
    ./src/app/main-content.tsx [Client Component Browser]
    ./src/app/main-content.tsx [Server Component]
    ./src/app/page.tsx [Server Component]

  Client Component SSR:
    ./src/components/chat/MessageList.tsx [Client Component SSR]
    ./src/components/chat/ChatInterface.tsx [Client Component SSR]
    ./src/app/main-content.tsx [Client Component SSR]
    ./src/app/main-content.tsx [Server Component]
    ./src/app/page.tsx [Server Component] @ http://localhost:3000/_next/static/chunks/node_modules_next_dist_b0daae9a._.js:2359
[  250186ms] [ERROR] ./src/components/chat/MessageList.tsx:87:34
Parsing ecmascript source code failed
  85 |                           case "step-start":
  86 |                             return partIndex > 0 ? <hr key={partIndex} className="my-3 border-neutral-200" /> : null;
> 87 |                           default:
     |                                  ^
  88 |                             return null;
  89 |                         }
  90 |                       })}

Expected '</', got ':'

Import traces:
  Client Component Browser:
    ./src/components/chat/MessageList.tsx [Client Component Browser]
    ./src/components/chat/ChatInterface.tsx [Client Component Browser]
    ./src/app/main-content.tsx [Client Component Browser]
    ./src/app/main-content.tsx [Server Component]
    ./src/app/page.tsx [Server Component]

  Client Component SSR:
    ./src/components/chat/MessageList.tsx [Client Component SSR]
    ./src/components/chat/ChatInterface.tsx [Client Component SSR]
    ./src/app/main-content.tsx [Client Component SSR]
    ./src/app/main-content.tsx [Server Component]
    ./src/app/page.tsx [Server Component] @ http://localhost:3000/_next/static/chunks/node_modules_next_dist_b0daae9a._.js:2359
[  250251ms] [ERROR] ./src/components/chat/MessageList.tsx:87:34
Parsing ecmascript source code failed
  85 |                           case "step-start":
  86 |                             return partIndex > 0 ? <hr key={partIndex} className="my-3 border-neutral-200" /> : null;
> 87 |                           default:
     |                                  ^
  88 |                             return null;
  89 |                         }
  90 |                       })}

Expected '</', got ':'

Import traces:
  Client Component Browser:
    ./src/components/chat/MessageList.tsx [Client Component Browser]
    ./src/components/chat/ChatInterface.tsx [Client Component Browser]
    ./src/app/main-content.tsx [Client Component Browser]
    ./src/app/main-content.tsx [Server Component]
    ./src/app/page.tsx [Server Component]

  Client Component SSR:
    ./src/components/chat/MessageList.tsx [Client Component SSR]
    ./src/components/chat/ChatInterface.tsx [Client Component SSR]
    ./src/app/main-content.tsx [Client Component SSR]
    ./src/app/main-content.tsx [Server Component]
    ./src/app/page.tsx [Server Component] @ http://localhost:3000/_next/static/chunks/node_modules_next_dist_b0daae9a._.js:2359
[  250314ms] [ERROR] ./src/components/chat/MessageList.tsx:87:34
Parsing ecmascript source code failed
  85 |                           case "step-start":
  86 |                             return partIndex > 0 ? <hr key={partIndex} className="my-3 border-neutral-200" /> : null;
> 87 |                           default:
     |                                  ^
  88 |                             return null;
  89 |                         }
  90 |                       })}

Expected '</', got ':'

Import traces:
  Client Component Browser:
    ./src/components/chat/MessageList.tsx [Client Component Browser]
    ./src/components/chat/ChatInterface.tsx [Client Component Browser]
    ./src/app/main-content.tsx [Client Component Browser]
    ./src/app/main-content.tsx [Server Component]
    ./src/app/page.tsx [Server Component]

  Client Component SSR:
    ./src/components/chat/MessageList.tsx [Client Component SSR]
    ./src/components/chat/ChatInterface.tsx [Client Component SSR]
    ./src/app/main-content.tsx [Client Component SSR]
    ./src/app/main-content.tsx [Server Component]
    ./src/app/page.tsx [Server Component] @ http://localhost:3000/_next/static/chunks/node_modules_next_dist_b0daae9a._.js:2359
[  250380ms] [ERROR] ./src/components/chat/MessageList.tsx:87:34
Parsing ecmascript source code failed
  85 |                           case "step-start":
  86 |                             return partIndex > 0 ? <hr key={partIndex} className="my-3 border-neutral-200" /> : null;
> 87 |                           default:
     |                                  ^
  88 |                             return null;
  89 |                         }
  90 |                       })}

Expected '</', got ':'

Import traces:
  Client Component Browser:
    ./src/components/chat/MessageList.tsx [Client Component Browser]
    ./src/components/chat/ChatInterface.tsx [Client Component Browser]
    ./src/app/main-content.tsx [Client Component Browser]
    ./src/app/main-content.tsx [Server Component]
    ./src/app/page.tsx [Server Component]

  Client Component SSR:
    ./src/components/chat/MessageList.tsx [Client Component SSR]
    ./src/components/chat/ChatInterface.tsx [Client Component SSR]
    ./src/app/main-content.tsx [Client Component SSR]
    ./src/app/main-content.tsx [Server Component]
    ./src/app/page.tsx [Server Component] @ http://localhost:3000/_next/static/chunks/node_modules_next_dist_b0daae9a._.js:2359
[  250444ms] [ERROR] ./src/components/chat/MessageList.tsx:87:34
Parsing ecmascript source code failed
  85 |                           case "step-start":
  86 |                             return partIndex > 0 ? <hr key={partIndex} className="my-3 border-neutral-200" /> : null;
> 87 |                           default:
     |                                  ^
  88 |                             return null;
  89 |                         }
  90 |                       })}

Expected '</', got ':'

Import traces:
  Client Component Browser:
    ./src/components/chat/MessageList.tsx [Client Component Browser]
    ./src/components/chat/ChatInterface.tsx [Client Component Browser]
    ./src/app/main-content.tsx [Client Component Browser]
    ./src/app/main-content.tsx [Server Component]
    ./src/app/page.tsx [Server Component]

  Client Component SSR:
    ./src/components/chat/MessageList.tsx [Client Component SSR]
    ./src/components/chat/ChatInterface.tsx [Client Component SSR]
    ./src/app/main-content.tsx [Client Component SSR]
    ./src/app/main-content.tsx [Server Component]
    ./src/app/page.tsx [Server Component] @ http://localhost:3000/_next/static/chunks/node_modules_next_dist_b0daae9a._.js:2359
[  250508ms] [ERROR] ./src/components/chat/MessageList.tsx:87:34
Parsing ecmascript source code failed
  85 |                           case "step-start":
  86 |                             return partIndex > 0 ? <hr key={partIndex} className="my-3 border-neutral-200" /> : null;
> 87 |                           default:
     |                                  ^
  88 |                             return null;
  89 |                         }
  90 |                       })}

Expected '</', got ':'

Import traces:
  Client Component Browser:
    ./src/components/chat/MessageList.tsx [Client Component Browser]
    ./src/components/chat/ChatInterface.tsx [Client Component Browser]
    ./src/app/main-content.tsx [Client Component Browser]
    ./src/app/main-content.tsx [Server Component]
    ./src/app/page.tsx [Server Component]

  Client Component SSR:
    ./src/components/chat/MessageList.tsx [Client Component SSR]
    ./src/components/chat/ChatInterface.tsx [Client Component SSR]
    ./src/app/main-content.tsx [Client Component SSR]
    ./src/app/main-content.tsx [Server Component]
    ./src/app/page.tsx [Server Component] @ http://localhost:3000/_next/static/chunks/node_modules_next_dist_b0daae9a._.js:2359
[  250572ms] [ERROR] ./src/components/chat/MessageList.tsx:87:34
Parsing ecmascript source code failed
  85 |                           case "step-start":
  86 |                             return partIndex > 0 ? <hr key={partIndex} className="my-3 border-neutral-200" /> : null;
> 87 |                           default:
     |                                  ^
  88 |                             return null;
  89 |                         }
  90 |                       })}

Expected '</', got ':'

Import traces:
  Client Component Browser:
    ./src/components/chat/MessageList.tsx [Client Component Browser]
    ./src/components/chat/ChatInterface.tsx [Client Component Browser]
    ./src/app/main-content.tsx [Client Component Browser]
    ./src/app/main-content.tsx [Server Component]
    ./src/app/page.tsx [Server Component]

  Client Component SSR:
    ./src/components/chat/MessageList.tsx [Client Component SSR]
    ./src/components/chat/ChatInterface.tsx [Client Component SSR]
    ./src/app/main-content.tsx [Client Component SSR]
    ./src/app/main-content.tsx [Server Component]
    ./src/app/page.tsx [Server Component] @ http://localhost:3000/_next/static/chunks/node_modules_next_dist_b0daae9a._.js:2359
[  250635ms] [ERROR] ./src/components/chat/MessageList.tsx:87:34
Parsing ecmascript source code failed
  85 |                           case "step-start":
  86 |                             return partIndex > 0 ? <hr key={partIndex} className="my-3 border-neutral-200" /> : null;
> 87 |                           default:
     |                                  ^
  88 |                             return null;
  89 |                         }
  90 |                       })}

Expected '</', got ':'

Import traces:
  Client Component Browser:
    ./src/components/chat/MessageList.tsx [Client Component Browser]
    ./src/components/chat/ChatInterface.tsx [Client Component Browser]
    ./src/app/main-content.tsx [Client Component Browser]
    ./src/app/main-content.tsx [Server Component]
    ./src/app/page.tsx [Server Component]

  Client Component SSR:
    ./src/components/chat/MessageList.tsx [Client Component SSR]
    ./src/components/chat/ChatInterface.tsx [Client Component SSR]
    ./src/app/main-content.tsx [Client Component SSR]
    ./src/app/main-content.tsx [Server Component]
    ./src/app/page.tsx [Server Component] @ http://localhost:3000/_next/static/chunks/node_modules_next_dist_b0daae9a._.js:2359
[  250700ms] [ERROR] ./src/components/chat/MessageList.tsx:87:34
Parsing ecmascript source code failed
  85 |                           case "step-start":
  86 |                             return partIndex > 0 ? <hr key={partIndex} className="my-3 border-neutral-200" /> : null;
> 87 |                           default:
     |                                  ^
  88 |                             return null;
  89 |                         }
  90 |                       })}

Expected '</', got ':'

Import traces:
  Client Component Browser:
    ./src/components/chat/MessageList.tsx [Client Component Browser]
    ./src/components/chat/ChatInterface.tsx [Client Component Browser]
    ./src/app/main-content.tsx [Client Component Browser]
    ./src/app/main-content.tsx [Server Component]
    ./src/app/page.tsx [Server Component]

  Client Component SSR:
    ./src/components/chat/MessageList.tsx [Client Component SSR]
    ./src/components/chat/ChatInterface.tsx [Client Component SSR]
    ./src/app/main-content.tsx [Client Component SSR]
    ./src/app/main-content.tsx [Server Component]
    ./src/app/page.tsx [Server Component] @ http://localhost:3000/_next/static/chunks/node_modules_next_dist_b0daae9a._.js:2359
[  250764ms] [ERROR] ./src/components/chat/MessageList.tsx:87:34
Parsing ecmascript source code failed
  85 |                           case "step-start":
  86 |                             return partIndex > 0 ? <hr key={partIndex} className="my-3 border-neutral-200" /> : null;
> 87 |                           default:
     |                                  ^
  88 |                             return null;
  89 |                         }
  90 |                       })}

Expected '</', got ':'

Import traces:
  Client Component Browser:
    ./src/components/chat/MessageList.tsx [Client Component Browser]
    ./src/components/chat/ChatInterface.tsx [Client Component Browser]
    ./src/app/main-content.tsx [Client Component Browser]
    ./src/app/main-content.tsx [Server Component]
    ./src/app/page.tsx [Server Component]

  Client Component SSR:
    ./src/components/chat/MessageList.tsx [Client Component SSR]
    ./src/components/chat/ChatInterface.tsx [Client Component SSR]
    ./src/app/main-content.tsx [Client Component SSR]
    ./src/app/main-content.tsx [Server Component]
    ./src/app/page.tsx [Server Component] @ http://localhost:3000/_next/static/chunks/node_modules_next_dist_b0daae9a._.js:2359
[  250827ms] [ERROR] ./src/components/chat/MessageList.tsx:87:34
Parsing ecmascript source code failed
  85 |                           case "step-start":
  86 |                             return partIndex > 0 ? <hr key={partIndex} className="my-3 border-neutral-200" /> : null;
> 87 |                           default:
     |                                  ^
  88 |                             return null;
  89 |                         }
  90 |                       })}

Expected '</', got ':'

Import traces:
  Client Component Browser:
    ./src/components/chat/MessageList.tsx [Client Component Browser]
    ./src/components/chat/ChatInterface.tsx [Client Component Browser]
    ./src/app/main-content.tsx [Client Component Browser]
    ./src/app/main-content.tsx [Server Component]
    ./src/app/page.tsx [Server Component]

  Client Component SSR:
    ./src/components/chat/MessageList.tsx [Client Component SSR]
    ./src/components/chat/ChatInterface.tsx [Client Component SSR]
    ./src/app/main-content.tsx [Client Component SSR]
    ./src/app/main-content.tsx [Server Component]
    ./src/app/page.tsx [Server Component] @ http://localhost:3000/_next/static/chunks/node_modules_next_dist_b0daae9a._.js:2359
[  250891ms] [ERROR] ./src/components/chat/MessageList.tsx:87:34
Parsing ecmascript source code failed
  85 |                           case "step-start":
  86 |                             return partIndex > 0 ? <hr key={partIndex} className="my-3 border-neutral-200" /> : null;
> 87 |                           default:
     |                                  ^
  88 |                             return null;
  89 |                         }
  90 |                       })}

Expected '</', got ':'

Import traces:
  Client Component Browser:
    ./src/components/chat/MessageList.tsx [Client Component Browser]
    ./src/components/chat/ChatInterface.tsx [Client Component Browser]
    ./src/app/main-content.tsx [Client Component Browser]
    ./src/app/main-content.tsx [Server Component]
    ./src/app/page.tsx [Server Component]

  Client Component SSR:
    ./src/components/chat/MessageList.tsx [Client Component SSR]
    ./src/components/chat/ChatInterface.tsx [Client Component SSR]
    ./src/app/main-content.tsx [Client Component SSR]
    ./src/app/main-content.tsx [Server Component]
    ./src/app/page.tsx [Server Component] @ http://localhost:3000/_next/static/chunks/node_modules_next_dist_b0daae9a._.js:2359
[  250955ms] [ERROR] ./src/components/chat/MessageList.tsx:87:34
Parsing ecmascript source code failed
  85 |                           case "step-start":
  86 |                             return partIndex > 0 ? <hr key={partIndex} className="my-3 border-neutral-200" /> : null;
> 87 |                           default:
     |                                  ^
  88 |                             return null;
  89 |                         }
  90 |                       })}

Expected '</', got ':'

Import traces:
  Client Component Browser:
    ./src/components/chat/MessageList.tsx [Client Component Browser]
    ./src/components/chat/ChatInterface.tsx [Client Component Browser]
    ./src/app/main-content.tsx [Client Component Browser]
    ./src/app/main-content.tsx [Server Component]
    ./src/app/page.tsx [Server Component]

  Client Component SSR:
    ./src/components/chat/MessageList.tsx [Client Component SSR]
    ./src/components/chat/ChatInterface.tsx [Client Component SSR]
    ./src/app/main-content.tsx [Client Component SSR]
    ./src/app/main-content.tsx [Server Component]
    ./src/app/page.tsx [Server Component] @ http://localhost:3000/_next/static/chunks/node_modules_next_dist_b0daae9a._.js:2359
[  251019ms] [ERROR] ./src/components/chat/MessageList.tsx:87:34
Parsing ecmascript source code failed
  85 |                           case "step-start":
  86 |                             return partIndex > 0 ? <hr key={partIndex} className="my-3 border-neutral-200" /> : null;
> 87 |                           default:
     |                                  ^
  88 |                             return null;
  89 |                         }
  90 |                       })}

Expected '</', got ':'

Import traces:
  Client Component Browser:
    ./src/components/chat/MessageList.tsx [Client Component Browser]
    ./src/components/chat/ChatInterface.tsx [Client Component Browser]
    ./src/app/main-content.tsx [Client Component Browser]
    ./src/app/main-content.tsx [Server Component]
    ./src/app/page.tsx [Server Component]

  Client Component SSR:
    ./src/components/chat/MessageList.tsx [Client Component SSR]
    ./src/components/chat/ChatInterface.tsx [Client Component SSR]
    ./src/app/main-content.tsx [Client Component SSR]
    ./src/app/main-content.tsx [Server Component]
    ./src/app/page.tsx [Server Component] @ http://localhost:3000/_next/static/chunks/node_modules_next_dist_b0daae9a._.js:2359
[  251081ms] [ERROR] ./src/components/chat/MessageList.tsx:87:34
Parsing ecmascript source code failed
  85 |                           case "step-start":
  86 |                             return partIndex > 0 ? <hr key={partIndex} className="my-3 border-neutral-200" /> : null;
> 87 |                           default:
     |                                  ^
  88 |                             return null;
  89 |                         }
  90 |                       })}

Expected '</', got ':'

Import traces:
  Client Component Browser:
    ./src/components/chat/MessageList.tsx [Client Component Browser]
    ./src/components/chat/ChatInterface.tsx [Client Component Browser]
    ./src/app/main-content.tsx [Client Component Browser]
    ./src/app/main-content.tsx [Server Component]
    ./src/app/page.tsx [Server Component]

  Client Component SSR:
    ./src/components/chat/MessageList.tsx [Client Component SSR]
    ./src/components/chat/ChatInterface.tsx [Client Component SSR]
    ./src/app/main-content.tsx [Client Component SSR]
    ./src/app/main-content.tsx [Server Component]
    ./src/app/page.tsx [Server Component] @ http://localhost:3000/_next/static/chunks/node_modules_next_dist_b0daae9a._.js:2359
[  251129ms] [ERROR] ./src/components/chat/MessageList.tsx:87:34
Parsing ecmascript source code failed
  85 |                           case "step-start":
  86 |                             return partIndex > 0 ? <hr key={partIndex} className="my-3 border-neutral-200" /> : null;
> 87 |                           default:
     |                                  ^
  88 |                             return null;
  89 |                         }
  90 |                       })}

Expected '</', got ':'

Import traces:
  Client Component Browser:
    ./src/components/chat/MessageList.tsx [Client Component Browser]
    ./src/components/chat/ChatInterface.tsx [Client Component Browser]
    ./src/app/main-content.tsx [Client Component Browser]
    ./src/app/main-content.tsx [Server Component]
    ./src/app/page.tsx [Server Component]

  Client Component SSR:
    ./src/components/chat/MessageList.tsx [Client Component SSR]
    ./src/components/chat/ChatInterface.tsx [Client Component SSR]
    ./src/app/main-content.tsx [Client Component SSR]
    ./src/app/main-content.tsx [Server Component]
    ./src/app/page.tsx [Server Component] @ http://localhost:3000/_next/static/chunks/node_modules_next_dist_b0daae9a._.js:2359
[  251177ms] [ERROR] ./src/components/chat/MessageList.tsx:87:34
Parsing ecmascript source code failed
  85 |                           case "step-start":
  86 |                             return partIndex > 0 ? <hr key={partIndex} className="my-3 border-neutral-200" /> : null;
> 87 |                           default:
     |                                  ^
  88 |                             return null;
  89 |                         }
  90 |                       })}

Expected '</', got ':'

Import traces:
  Client Component Browser:
    ./src/components/chat/MessageList.tsx [Client Component Browser]
    ./src/components/chat/ChatInterface.tsx [Client Component Browser]
    ./src/app/main-content.tsx [Client Component Browser]
    ./src/app/main-content.tsx [Server Component]
    ./src/app/page.tsx [Server Component]

  Client Component SSR:
    ./src/components/chat/MessageList.tsx [Client Component SSR]
    ./src/components/chat/ChatInterface.tsx [Client Component SSR]
    ./src/app/main-content.tsx [Client Component SSR]
    ./src/app/main-content.tsx [Server Component]
    ./src/app/page.tsx [Server Component] @ http://localhost:3000/_next/static/chunks/node_modules_next_dist_b0daae9a._.js:2359
[  251286ms] [LOG] [Fast Refresh] rebuilding @ http://localhost:3000/_next/static/chunks/node_modules_next_dist_client_cf1d9188._.js:5949
[  251377ms] [LOG] [Fast Refresh] done in 156ms @ http://localhost:3000/_next/static/chunks/node_modules_next_dist_client_cf1d9188._.js:5809
[  251581ms] [LOG] [Fast Refresh] rebuilding @ http://localhost:3000/_next/static/chunks/node_modules_next_dist_client_cf1d9188._.js:5949
[  252229ms] [LOG] [Fast Refresh] done in 757ms @ http://localhost:3000/_next/static/chunks/node_modules_next_dist_client_cf1d9188._.js:5809
[  258180ms] [LOG] [Fast Refresh] rebuilding @ http://localhost:3000/_next/static/chunks/node_modules_next_dist_client_cf1d9188._.js:5949
[  258181ms] [LOG] [Fast Refresh] done in 109ms @ http://localhost:3000/_next/static/chunks/node_modules_next_dist_client_cf1d9188._.js:5809
[  288402ms] [LOG] [Fast Refresh] rebuilding @ http://localhost:3000/_next/static/chunks/node_modules_next_dist_client_cf1d9188._.js:5949
[  288499ms] [LOG] [Fast Refresh] done in 183ms @ http://localhost:3000/_next/static/chunks/node_modules_next_dist_client_cf1d9188._.js:5809
[  297558ms] [LOG] [Fast Refresh] rebuilding @ http://localhost:3000/_next/static/chunks/node_modules_next_dist_client_cf1d9188._.js:5949
[  297558ms] [LOG] [Fast Refresh] done in 109ms @ http://localhost:3000/_next/static/chunks/node_modules_next_dist_client_cf1d9188._.js:5809
